,browser,platform,cond,counterbalance,codeversion,bonus,status,mode,pid,run,final_bonus,displayed_bonus,DEPTH,COST,MIN_TIME,inspectCost,bonusRate,variance,branching,first_trial,time_diff
0,chrome,windows,0,0,0.0.3,0,1,live,37,quest_main,0.58,0.58,0,0,7,1,0.002,2_4_24,312,True,61.728
1,chrome,windows,0,0,0.0.3,0,1,live,79,quest_main,3.36,3.36,0,0,7,1,0.002,2_4_24,312,True,73.41545
2,firefox,windows,0,0,0.0.3,0,1,live,38,quest_main,3.57,3.57,0,0,7,1,0.002,2_4_24,312,False,92.61893333333333
3,chrome,windows,0,0,0.0.3,0,1,live,39,quest_main,3.35,3.35,0,0,7,1,0.002,2_4_24,312,True,87.409
4,chrome,macos,0,0,0.0.3,0,1,live,40,quest_main,3.3,3.3,0,0,7,1,0.002,2_4_24,312,False,57.46706666666667
5,firefox,linux,0,0,0.0.3,0,1,live,125,quest_main,3.02,3.02,0,0,7,1,0.002,2_4_24,312,False,59.06035
6,chrome,windows,0,0,0.0.3,0,1,live,42,quest_main,3.29,3.29,0,0,7,1,0.002,2_4_24,312,False,78.77868333333333
7,firefox,windows,0,0,0.0.3,0,1,live,43,quest_main,3.08,3.08,0,0,7,1,0.002,2_4_24,312,True,46.246633333333335
8,chrome,windows,0,0,0.0.3,0,1,live,44,quest_main,3.37,3.37,0,0,7,1,0.002,2_4_24,312,False,58.87061666666666
10,chrome,windows,0,0,0.0.3,0,1,live,45,quest_main,3.03,3.03,0,0,7,1,0.002,2_4_24,312,False,55.19351666666667
12,chrome,windows,0,0,0.0.3,0,1,live,81,quest_main,3.11,3.11,0,0,7,1,0.002,2_4_24,312,False,98.79071666666667
14,chrome,windows,0,0,0.0.3,0,1,live,47,quest_main,,,0,0,7,1,0.002,2_4_24,312,False,
16,chrome,windows,0,0,0.0.3,0,1,live,46,quest_main,,,0,0,7,1,0.002,2_4_24,312,True,81.26216666666667
18,chrome,windows,0,0,0.0.3,0,1,live,49,quest_main,3.22,3.22,0,0,7,1,0.002,2_4_24,312,False,62.4028
19,chrome,windows,0,0,0.0.3,0,1,live,135,quest_main,2.91,2.91,0,0,7,1,0.002,2_4_24,312,False,73.12368333333333
20,chrome,windows,0,0,0.0.3,0,1,live,51,quest_main,2.72,2.72,0,0,7,1,0.002,2_4_24,312,False,70.41958333333334
21,chrome,windows,0,0,0.0.3,0,1,live,77,quest_main,3.3,3.3,0,0,7,1,0.002,2_4_24,312,False,88.93971666666667
22,chrome,windows,0,0,0.0.3,0,1,live,86,quest_main,0.88,0.88,0,0,7,1,0.002,2_4_24,312,False,39.74035
23,chrome,macos,0,0,0.0.3,0,1,live,52,quest_main,3.49,3.49,0,0,7,1,0.002,2_4_24,312,True,45.6932
25,opera,windows,0,0,0.0.3,0,1,live,87,quest_main,3.26,3.26,0,0,7,1,0.002,2_4_24,312,True,57.26748333333333
26,chrome,windows,0,0,0.0.3,0,1,live,54,quest_main,,,0,0,7,1,0.002,2_4_24,312,True,83.57898333333333
28,chrome,windows,0,0,0.0.3,0,1,live,56,quest_main,2.9,2.9,0,0,7,1,0.002,2_4_24,312,True,72.30621666666667
30,opera,windows,0,0,0.0.3,0,1,live,137,quest_main,3.34,3.34,0,0,7,1,0.002,2_4_24,312,True,51.3345
31,chrome,windows,0,0,0.0.3,0,1,live,57,quest_main,,,0,0,7,1,0.002,2_4_24,312,True,64.32708333333333
33,chrome,windows,0,0,0.0.3,0,1,live,89,quest_main,3.29,3.29,0,0,7,1,0.002,2_4_24,312,False,80.22215
34,chrome,linux,0,0,0.0.3,0,1,live,58,quest_main,3.45,3.45,0,0,7,1,0.002,2_4_24,312,True,94.15398333333333
35,chrome,windows,0,0,0.0.3,0,1,live,92,quest_main,3.32,3.32,0,0,7,1,0.002,2_4_24,312,True,46.5703
36,chrome,windows,0,0,0.0.3,0,1,live,60,quest_main,3.19,3.19,0,0,7,1,0.002,2_4_24,312,False,92.32345
38,safari,macos,0,0,0.0.3,0,1,live,91,quest_main,3.2,3.2,0,0,7,1,0.002,2_4_24,312,False,61.134683333333335
39,chrome,windows,0,0,0.0.3,0,1,live,80,quest_main,0.62,0.62,0,0,7,1,0.002,2_4_24,312,True,42.8542
40,chrome,windows,0,0,0.0.3,0,1,live,63,quest_main,3.2,3.2,0,0,7,1,0.002,2_4_24,312,False,47.47845
41,chrome,windows,0,0,0.0.3,0,1,live,211,quest_main,,,0,0,7,1,0.002,2_4_24,312,False,83.94873333333334
43,chrome,macos,0,0,0.0.3,0,1,live,78,quest_main,,,0,0,7,1,0.002,2_4_24,312,False,44.10905
44,chrome,windows,0,0,0.0.3,0,1,live,66,quest_main,1.73,1.73,0,0,7,1,0.002,2_4_24,312,True,65.40551666666667
45,chrome,windows,0,0,0.0.3,0,1,live,65,quest_main,3.22,3.22,0,0,7,1,0.002,2_4_24,312,True,105.01218333333334
46,chrome,windows,0,0,0.0.3,0,1,live,212,quest_main,3.17,3.17,0,0,7,1,0.002,2_4_24,312,True,73.96523333333333
47,chrome,windows,0,0,0.0.3,0,1,live,67,quest_main,3.25,3.25,0,0,7,1,0.002,2_4_24,312,True,108.83408333333334
49,chrome,windows,0,0,0.0.3,0,1,live,93,quest_main,3.18,3.18,0,0,7,1,0.002,2_4_24,312,True,42.4376
50,chrome,windows,0,0,0.0.3,0,1,live,139,quest_main,3.24,3.24,0,0,7,1,0.002,2_4_24,312,False,69.19516666666667
51,chrome,windows,0,0,0.0.3,0,1,live,84,quest_main,,,0,0,7,1,0.002,2_4_24,312,True,52.0397
52,chrome,windows,0,0,0.0.3,0,1,live,69,quest_main,2.98,2.98,0,0,7,1,0.002,2_4_24,312,False,75.73891666666667
53,chrome,windows,0,0,0.0.3,0,1,live,95,quest_main,3.05,3.05,0,0,7,1,0.002,2_4_24,312,False,110.38108333333334
54,chrome,windows,0,0,0.0.3,0,1,live,61,quest_main,,,0,0,7,1,0.002,2_4_24,312,True,68.07673333333334
57,chrome,windows,0,0,0.0.3,0,1,live,72,quest_main,3.11,3.11,0,0,7,1,0.002,2_4_24,312,True,67.28511666666667
58,chrome,windows,0,0,0.0.3,0,1,live,96,quest_main,3.52,3.52,0,0,7,1,0.002,2_4_24,312,False,88.94955
61,chrome,windows,0,0,0.0.3,0,1,live,74,quest_main,3.41,3.41,0,0,7,1,0.002,2_4_24,312,True,77.96568333333333
62,chrome,windows,0,0,0.0.3,0,1,live,98,quest_main,3.37,3.37,0,0,7,1,0.002,2_4_24,312,True,92.47558333333333
63,chrome,windows,0,0,0.0.3,0,1,live,101,quest_main,3.43,3.43,0,0,7,1,0.002,2_4_24,312,False,64.07768333333334
64,chrome,windows,0,0,0.0.3,0,1,live,100,quest_main,0.33,0.33,0,0,7,1,0.002,2_4_24,312,False,71.21338333333334
65,firefox,windows,0,0,0.0.3,0,1,live,140,quest_main,3.18,3.18,0,0,7,1,0.002,2_4_24,312,False,48.803133333333335
66,chrome,windows,0,0,0.0.3,0,1,live,99,quest_main,1.37,1.37,0,0,7,1,0.002,2_4_24,312,True,78.24368333333334
67,chrome,windows,0,0,0.0.3,0,1,live,75,quest_main,,,0,0,7,1,0.002,2_4_24,312,False,69.43403333333333
68,firefox,windows,0,0,0.0.3,0,1,live,126,quest_main,,,0,0,7,1,0.002,2_4_24,312,True,65.51548333333334
69,chrome,windows,0,0,0.0.3,0,1,live,142,quest_main,3.23,3.23,0,0,7,1,0.002,2_4_24,312,True,54.32346666666667
70,chrome,windows,0,0,0.0.3,0,1,live,102,quest_main,3.3,3.3,0,0,7,1,0.002,2_4_24,312,False,84.32865
72,chrome,windows,0,0,0.0.3,0,1,live,141,quest_main,1.79,1.79,0,0,7,1,0.002,2_4_24,312,False,86.78521666666667
73,chrome,windows,0,0,0.0.3,0,1,live,104,quest_main,3.03,3.03,0,0,7,1,0.002,2_4_24,312,True,76.24055
74,chrome,windows,0,0,0.0.3,0,1,live,143,quest_main,2.19,2.19,0,0,7,1,0.002,2_4_24,312,False,52.40043333333333
76,chrome,windows,0,0,0.0.3,0,1,live,108,quest_main,3.13,3.13,0,0,7,1,0.002,2_4_24,312,True,54.712383333333335
77,chrome,windows,0,0,0.0.3,0,1,live,136,quest_main,3.38,3.38,0,0,7,1,0.002,2_4_24,312,False,66.77026666666667
79,chrome,windows,0,0,0.0.3,0,1,live,145,quest_main,2.96,2.96,0,0,7,1,0.002,2_4_24,312,True,74.85621666666667
80,chrome,windows,0,0,0.0.3,0,1,live,110,quest_main,,,0,0,7,1,0.002,2_4_24,312,True,142.10786666666667
81,firefox,windows,0,0,0.0.3,0,1,live,109,quest_main,3.38,3.38,0,0,7,1,0.002,2_4_24,312,True,90.97853333333333
82,firefox,windows,0,0,0.0.3,0,1,live,147,quest_main,3.3,3.3,0,0,7,1,0.002,2_4_24,312,False,58.90025
83,firefox,windows,0,0,0.0.3,0,1,live,112,quest_main,3.09,3.09,0,0,7,1,0.002,2_4_24,312,False,72.88936666666666
84,chrome,windows,0,0,0.0.3,0,1,live,111,quest_main,3.12,3.12,0,0,7,1,0.002,2_4_24,312,True,51.62315
85,chrome,windows,0,0,0.0.3,0,1,live,127,quest_main,3.0,3.0,0,0,7,1,0.002,2_4_24,312,False,129.54251666666667
86,chrome,windows,0,0,0.0.3,0,1,live,148,quest_main,3.1,3.1,0,0,7,1,0.002,2_4_24,312,False,74.00028333333333
87,firefox,windows,0,0,0.0.3,0,1,live,113,quest_main,3.51,3.51,0,0,7,1,0.002,2_4_24,312,False,93.76003333333334
88,chrome,linux,0,0,0.0.3,0,1,live,114,quest_main,3.4,3.4,0,0,7,1,0.002,2_4_24,312,False,38.764066666666665
89,chrome,windows,0,0,0.0.3,0,1,live,76,quest_main,3.22,3.22,0,0,7,1,0.002,2_4_24,312,True,43.6664
90,chrome,windows,0,0,0.0.3,0,1,live,149,quest_main,3.03,3.03,0,0,7,1,0.002,2_4_24,312,False,75.65078333333334
91,chrome,windows,0,0,0.0.3,0,1,live,128,quest_main,2.9,2.9,0,0,7,1,0.002,2_4_24,312,True,51.79135
92,chrome,windows,0,0,0.0.3,0,1,live,117,quest_main,2.6,2.6,0,0,7,1,0.002,2_4_24,312,True,82.8278
93,firefox,windows,0,0,0.0.3,0,1,live,116,quest_main,1.31,1.31,0,0,7,1,0.002,2_4_24,312,True,43.44545
97,chrome,windows,0,0,0.0.3,0,1,live,105,quest_main,3.18,3.18,0,0,7,1,0.002,2_4_24,312,True,51.52295
98,chrome,windows,0,0,0.0.3,0,1,live,118,quest_main,2.89,2.89,0,0,7,1,0.002,2_4_24,312,False,114.23233333333333
100,firefox,windows,0,0,0.0.3,0,1,live,59,quest_main,,,0,0,7,1,0.002,2_4_24,312,False,52.922666666666665
101,firefox,macos,0,0,0.0.3,0,1,live,120,quest_main,3.2,3.2,0,0,7,1,0.002,2_4_24,312,True,57.481883333333336
103,chrome,windows,0,0,0.0.3,0,1,live,122,quest_main,0.57,0.57,0,0,7,1,0.002,2_4_24,312,False,94.56605
104,chrome,windows,0,0,0.0.3,0,1,live,151,quest_main,2.87,2.87,0,0,7,1,0.002,2_4_24,312,True,109.01775
105,chrome,windows,0,0,0.0.3,0,1,live,123,quest_main,3.27,3.27,0,0,7,1,0.002,2_4_24,312,True,41.4421
106,chrome,windows,0,0,0.0.3,0,1,live,153,quest_main,,,0,0,7,1,0.002,2_4_24,312,True,110.52425
107,chrome,windows,0,0,0.0.3,0,1,live,121,quest_main,3.22,3.22,0,0,7,1,0.002,2_4_24,312,False,87.20848333333333
109,chrome,windows,0,0,0.0.3,0,1,live,124,quest_main,2.73,2.73,0,0,7,1,0.002,2_4_24,312,False,89.6775
110,chrome,windows,0,0,0.0.3,0,1,live,156,quest_main,1.07,1.07,0,0,7,1,0.002,2_4_24,312,True,106.91373333333334
112,chrome,windows,0,0,0.0.3,0,1,live,154,quest_main,,,0,0,7,1,0.002,2_4_24,312,False,110.79225
113,chrome,macos,0,0,0.0.3,0,1,live,159,quest_main,3.4,3.4,0,0,7,1,0.002,2_4_24,312,False,45.92048333333334
114,chrome,windows,0,0,0.0.3,0,1,live,157,quest_main,3.22,3.22,0,0,7,1,0.002,2_4_24,312,True,105.5732
117,chrome,windows,0,0,0.0.3,0,1,live,163,quest_main,3.1,3.1,0,0,7,1,0.002,2_4_24,312,False,85.96738333333333
118,chrome,windows,0,0,0.0.3,0,1,live,164,quest_main,3.54,3.54,0,0,7,1,0.002,2_4_24,312,True,93.95468333333334
121,chrome,macos,0,0,0.0.3,0,1,live,167,quest_main,3.22,3.22,0,0,7,1,0.002,2_4_24,312,True,69.8054
125,chrome,windows,0,0,0.0.3,0,1,live,171,quest_main,3.25,3.25,0,0,7,1,0.002,2_4_24,312,False,72.31358333333333
128,chrome,windows,0,0,0.0.3,0,1,live,172,quest_main,2.67,2.67,0,0,7,1,0.002,2_4_24,312,True,90.86346666666667
131,chrome,windows,0,0,0.0.3,0,1,live,177,quest_main,3.33,3.33,0,0,7,1,0.002,2_4_24,312,False,102.07078333333334
133,chrome,windows,0,0,0.0.3,0,1,live,152,quest_main,,,0,0,7,1,0.002,2_4_24,312,True,99.87535
134,chrome,windows,0,0,0.0.3,0,1,live,175,quest_main,2.62,2.62,0,0,7,1,0.002,2_4_24,312,False,153.56521666666666
135,chrome,windows,0,0,0.0.3,0,1,live,180,quest_main,,,0,0,7,1,0.002,2_4_24,312,True,
137,chrome,windows,0,0,0.0.3,0,1,live,178,quest_main,3.27,3.27,0,0,7,1,0.002,2_4_24,312,True,85.01558333333334
140,chrome,windows,0,0,0.0.3,0,1,live,129,quest_main,2.24,2.24,0,0,7,1,0.002,2_4_24,312,False,70.22691666666667
141,chrome,windows,0,0,0.0.3,0,1,live,133,quest_main,,,0,0,7,1,0.002,2_4_24,312,False,75.17801666666666
142,chrome,windows,0,0,0.0.3,0,1,live,183,quest_main,2.73,2.73,0,0,7,1,0.002,2_4_24,312,False,113.39561666666667
143,chrome,windows,0,0,0.0.3,0,1,live,184,quest_main,,,0,0,7,1,0.002,2_4_24,312,False,
144,chrome,windows,0,0,0.0.3,0,1,live,182,quest_main,0.61,0.61,0,0,7,1,0.002,2_4_24,312,False,78.74925
145,firefox,windows,0,0,0.0.3,0,1,live,130,quest_main,,,0,0,7,1,0.002,2_4_24,312,False,95.10696666666666
146,opera,windows,0,0,0.0.3,0,1,live,185,quest_main,3.45,3.45,0,0,7,1,0.002,2_4_24,312,False,64.77688333333333
147,opera,windows,0,0,0.0.3,0,1,live,188,quest_main,2.64,2.64,0,0,7,1,0.002,2_4_24,312,False,100.15951666666666
149,chrome,windows,0,0,0.0.3,0,1,live,186,quest_main,3.07,3.07,0,0,7,1,0.002,2_4_24,312,True,80.6045
150,chrome,windows,0,0,0.0.3,0,1,live,189,quest_main,3.55,3.55,0,0,7,1,0.002,2_4_24,312,True,73.18015
151,chrome,windows,0,0,0.0.3,0,1,live,191,quest_main,2.65,2.65,0,0,7,1,0.002,2_4_24,312,True,83.90136666666666
152,chrome,windows,0,0,0.0.3,0,1,live,190,quest_main,1.3,1.3,0,0,7,1,0.002,2_4_24,312,True,48.8366
153,chrome,windows,0,0,0.0.3,0,2,live,85,quest_main,,,0,0,7,1,0.002,2_4_24,312,False,
154,chrome,windows,0,0,0.0.4,0,6,live,192,quest_main,2.95,2.95,0,0,7,1,0.002,2_4_24,312,False,89.64338333333333
155,chrome,windows,0,0,0.0.4,0,6,live,193,quest_main,,,0,0,7,1,0.002,2_4_24,312,True,81.49936666666666
157,chrome,windows,0,0,0.0.4,0,6,live,195,quest_main,2.98,2.98,0,0,7,1,0.002,2_4_24,312,True,92.89711666666666
158,chrome,windows,0,0,0.0.4,0,6,live,196,quest_main,3.54,3.54,0,0,7,1,0.002,2_4_24,312,False,100.48741666666666
159,chrome,windows,0,0,0.0.4,0,6,live,198,quest_main,3.09,3.09,0,0,7,1,0.002,2_4_24,312,False,77.86908333333334
160,chrome,windows,0,0,0.0.4,0,6,live,199,quest_main,2.61,2.61,0,0,7,1,0.002,2_4_24,312,True,74.97265
161,chrome,windows,0,0,0.0.4,0,6,live,200,quest_main,2.9,2.9,0,0,7,1,0.002,2_4_24,312,False,75.10228333333333
163,chrome,macos,0,0,0.0.4,0,6,live,201,quest_main,,,0,0,7,1,0.002,2_4_24,312,True,52.91471666666666
164,chrome,windows,0,0,0.0.4,0,6,live,203,quest_main,3.04,3.04,0,0,7,1,0.002,2_4_24,312,False,46.545183333333334
166,chrome,windows,0,0,0.0.4,0,6,live,206,quest_main,3.08,3.08,0,0,7,1,0.002,2_4_24,312,True,40.09481666666667
167,chrome,windows,0,0,0.0.4,0,6,live,207,quest_main,3.26,3.26,0,0,7,1,0.002,2_4_24,312,False,59.73826666666667
168,chrome,windows,0,0,0.0.4,0,6,live,208,quest_main,3.25,3.25,0,0,7,1,0.002,2_4_24,312,False,53.5377
169,chrome,windows,0,0,0.0.4,0,6,live,209,quest_main,3.08,3.08,0,0,7,1,0.002,2_4_24,312,False,37.00066666666667
170,chrome,windows,0,0,0.0.4,0,6,live,210,quest_main,2.89,2.89,0,0,7,1,0.002,2_4_24,312,True,80.0039
172,chrome,windows,0,0,0.0.5,0,6,live,394,quest_main,3.38,3.38,0,0,7,1,0.002,2_4_24,312,False,68.28465
173,firefox,windows,0,0,0.0.5,0,6,live,254,quest_main,0.42,0.42,0,0,7,1,0.002,2_4_24,312,True,62.876333333333335
174,chrome,windows,0,0,0.0.5,0,6,live,255,quest_main,3.35,3.35,0,0,7,1,0.002,2_4_24,312,False,40.49545
175,safari,macos,0,0,0.0.5,0,6,live,213,quest_main,0.24,0.24,0,0,7,1,0.002,2_4_24,312,True,45.70551666666667
177,chrome,windows,0,0,0.0.5,0,6,live,339,quest_main,3.38,3.38,0,0,7,1,0.002,2_4_24,312,False,67.85983333333333
178,firefox,windows,0,0,0.0.5,0,6,live,501,quest_main,,,0,0,7,1,0.002,2_4_24,312,False,59.764633333333336
179,chrome,windows,0,0,0.0.5,0,6,live,257,quest_main,3.37,3.37,0,0,7,1,0.002,2_4_24,312,False,100.93203333333334
181,chrome,windows,0,0,0.0.5,0,6,live,288,quest_main,3.5,3.5,0,0,7,1,0.002,2_4_24,312,False,102.35181666666666
182,chrome,windows,0,0,0.0.5,0,6,live,411,quest_main,3.1,3.1,0,0,7,1,0.002,2_4_24,312,True,85.52753333333334
183,chrome,windows,0,0,0.0.5,0,6,live,290,quest_main,3.25,3.25,0,0,7,1,0.002,2_4_24,312,False,76.56906666666667
184,chrome,windows,0,0,0.0.5,0,6,live,291,quest_main,0.37,0.37,0,0,7,1,0.002,2_4_24,312,False,64.8009
185,opera,windows,0,0,0.0.5,0,6,live,565,quest_main,0.34,0.34,0,0,7,1,0.002,2_4_24,312,False,40.43465
186,firefox,windows,0,0,0.0.5,0,6,live,216,quest_main,3.17,3.17,0,0,7,1,0.002,2_4_24,312,True,67.2531
187,chrome,windows,0,0,0.0.5,0,6,live,293,quest_main,3.41,3.41,0,0,7,1,0.002,2_4_24,312,False,76.10656666666667
188,chrome,windows,0,0,0.0.5,0,6,live,217,quest_main,3.24,3.24,0,0,7,1,0.002,2_4_24,312,True,91.0066
189,chrome,chromeos,0,0,0.0.5,0,6,live,258,quest_main,3.08,3.08,0,0,7,1,0.002,2_4_24,312,True,59.076116666666664
190,chrome,windows,0,0,0.0.5,0,6,live,219,quest_main,3.0,3.0,0,0,7,1,0.002,2_4_24,312,True,37.0013
191,chrome,windows,0,0,0.0.5,0,6,live,342,quest_main,3.32,3.32,0,0,7,1,0.002,2_4_24,312,True,98.69933333333333
193,chrome,windows,0,0,0.0.5,0,6,live,763,quest_main,3.31,3.31,0,0,7,1,0.002,2_4_24,312,True,84.52356666666667
194,chrome,macos,0,0,0.0.5,0,6,live,764,quest_main,0.8,0.8,0,0,7,1,0.002,2_4_24,312,False,46.58006666666667
195,chrome,windows,0,0,0.0.5,0,6,live,220,quest_main,3.23,3.23,0,0,7,1,0.002,2_4_24,312,False,94.35313333333333
197,chrome,windows,0,0,0.0.5,0,2,live,295,quest_main,,,0,0,7,1,0.002,2_4_24,312,True,
198,chrome,windows,0,0,0.0.5,0,6,live,397,quest_main,3.31,3.31,0,0,7,1,0.002,2_4_24,312,True,52.31981666666667
199,chrome,windows,0,0,0.0.5,0,6,live,221,quest_main,3.17,3.17,0,0,7,1,0.002,2_4_24,312,False,69.70866666666667
200,chrome,windows,0,0,0.0.5,0,6,live,566,quest_main,1.55,1.55,0,0,7,1,0.002,2_4_24,312,True,104.77331666666667
201,chrome,windows,0,0,0.0.5,0,6,live,507,quest_main,0.47,0.47,0,0,7,1,0.002,2_4_24,312,False,33.608016666666664
202,chrome,windows,0,0,0.0.5,0,6,live,296,quest_main,0.27,0.27,0,0,7,1,0.002,2_4_24,312,True,70.03846666666666
203,chrome,windows,0,0,0.0.5,0,6,live,222,quest_main,3.3,3.3,0,0,7,1,0.002,2_4_24,312,False,85.09308333333334
205,chrome,windows,0,0,0.0.5,0,6,live,260,quest_main,3.27,3.27,0,0,7,1,0.002,2_4_24,312,True,63.452666666666666
207,chrome,windows,0,0,0.0.5,0,6,live,413,quest_main,3.29,3.29,0,0,7,1,0.002,2_4_24,312,False,36.21391666666667
208,chrome,windows,0,0,0.0.5,0,6,live,298,quest_main,0.68,0.68,0,0,7,1,0.002,2_4_24,312,False,53.270783333333334
209,chrome,macos,0,0,0.0.5,0,6,live,224,quest_main,3.48,3.48,0,0,7,1,0.002,2_4_24,312,True,47.72221666666667
210,chrome,windows,0,0,0.0.5,0,6,live,263,quest_main,3.38,3.38,0,0,7,1,0.002,2_4_24,312,False,104.6348
211,chrome,windows,0,0,0.0.5,0,6,live,465,quest_main,3.29,3.29,0,0,7,1,0.002,2_4_24,312,True,61.45415
212,chrome,windows,0,0,0.0.5,0,6,live,299,quest_main,3.27,3.27,0,0,7,1,0.002,2_4_24,312,True,65.41023333333334
213,chrome,windows,0,0,0.0.5,0,6,live,289,quest_main,2.5,2.5,0,0,7,1,0.002,2_4_24,312,True,53.177033333333334
218,chrome,windows,0,0,0.0.5,0,6,live,262,quest_main,3.38,3.38,0,0,7,1,0.002,2_4_24,312,False,63.903333333333336
223,chrome,windows,0,0,0.0.5,0,6,live,300,quest_main,3.21,3.21,0,0,7,1,0.002,2_4_24,312,True,65.29823333333333
225,firefox,windows,0,0,0.0.5,0,6,live,302,quest_main,3.12,3.12,0,0,7,1,0.002,2_4_24,312,False,46.18846666666666
226,chrome,windows,0,0,0.0.5,0,6,live,230,quest_main,3.01,3.01,0,0,7,1,0.002,2_4_24,312,True,95.18383333333334
227,chrome,windows,0,0,0.0.5,0,6,live,348,quest_main,0.22,0.22,0,0,7,1,0.002,2_4_24,312,False,59.56695
228,chrome,windows,0,0,0.0.5,0,6,live,231,quest_main,3.48,3.48,0,0,7,1,0.002,2_4_24,312,True,116.10036666666667
229,firefox,windows,0,0,0.0.5,0,6,live,349,quest_main,3.36,3.36,0,0,7,1,0.002,2_4_24,312,True,48.79305
231,chrome,windows,0,0,0.0.5,0,6,live,350,quest_main,3.37,3.37,0,0,7,1,0.002,2_4_24,312,False,70.30438333333333
232,chrome,windows,0,0,0.0.5,0,6,live,256,quest_main,2.49,2.49,0,0,7,1,0.002,2_4_24,312,True,35.88218333333333
233,chrome,macos,0,0,0.0.5,0,6,live,232,quest_main,0.65,0.65,0,0,7,1,0.002,2_4_24,312,False,84.47026666666666
237,chrome,windows,0,0,0.0.5,0,6,live,352,quest_main,3.06,3.06,0,0,7,1,0.002,2_4_24,312,True,49.466116666666665
238,chrome,windows,0,0,0.0.5,0,6,live,398,quest_main,1.31,1.31,0,0,7,1,0.002,2_4_24,312,True,49.84043333333333
239,firefox,windows,0,0,0.0.5,0,6,live,508,quest_main,3.33,3.33,0,0,7,1,0.002,2_4_24,312,False,91.7658
241,chrome,windows,0,0,0.0.5,0,6,live,264,quest_main,2.87,2.87,0,0,7,1,0.002,2_4_24,312,True,66.48903333333334
245,chrome,windows,0,0,0.0.5,0,6,live,304,quest_main,0.75,0.75,0,0,7,1,0.002,2_4_24,312,True,54.001466666666666
246,chrome,windows,0,0,0.0.5,0,6,live,415,quest_main,3.67,3.67,0,0,7,1,0.002,2_4_24,312,True,84.51295
247,chrome,windows,0,0,0.0.5,0,6,live,509,quest_main,3.23,3.23,0,0,7,1,0.002,2_4_24,312,False,66.81113333333333
248,chrome,windows,0,0,0.0.5,0,6,live,765,quest_main,2.4,2.4,0,0,7,1,0.002,2_4_24,312,False,51.3453
249,chrome,windows,0,0,0.0.5,0,6,live,236,quest_main,2.54,2.54,0,0,7,1,0.002,2_4_24,312,False,121.61476666666667
250,chrome,windows,0,0,0.0.5,0,6,live,354,quest_main,3.23,3.23,0,0,7,1,0.002,2_4_24,312,False,79.2327
251,chrome,windows,0,0,0.0.5,0,6,live,305,quest_main,3.5,3.5,0,0,7,1,0.002,2_4_24,312,True,82.52543333333334
252,chrome,windows,0,0,0.0.5,0,6,live,266,quest_main,3.35,3.35,0,0,7,1,0.002,2_4_24,312,True,63.32951666666666
253,firefox,windows,0,0,0.0.5,0,6,live,416,quest_main,3.59,3.59,0,0,7,1,0.002,2_4_24,312,False,78.98776666666667
254,chrome,windows,0,0,0.0.5,0,2,live,766,quest_main,2.59,2.59,0,0,7,1,0.002,2_4_24,312,True,57.72285
255,chrome,windows,0,0,0.0.5,0,6,live,306,quest_main,3.44,3.44,0,0,7,1,0.002,2_4_24,312,True,55.29951666666667
256,chrome,windows,0,0,0.0.5,0,6,live,873,quest_main,3.31,3.31,0,0,7,1,0.002,2_4_24,312,False,83.04643333333334
258,chrome,windows,0,0,0.0.5,0,6,live,510,quest_main,3.15,3.15,0,0,7,1,0.002,2_4_24,312,True,51.2899
259,chrome,windows,0,0,0.0.5,0,6,live,308,quest_main,2.98,2.98,0,0,7,1,0.002,2_4_24,312,False,55.72535
260,chrome,windows,0,0,0.0.5,0,6,live,355,quest_main,2.03,2.03,0,0,7,1,0.002,2_4_24,312,True,84.43326666666667
261,chrome,windows,0,0,0.0.5,0,6,live,307,quest_main,2.89,2.89,0,0,7,1,0.002,2_4_24,312,False,61.70138333333333
263,chrome,windows,0,0,0.0.5,0,6,live,511,quest_main,3.41,3.41,0,0,7,1,0.002,2_4_24,312,False,92.3699
264,chrome,windows,0,0,0.0.5,0,6,live,356,quest_main,2.99,2.99,0,0,7,1,0.002,2_4_24,312,True,101.30228333333334
266,chrome,windows,0,0,0.0.5,0,2,live,310,quest_main,,,0,0,7,1,0.002,2_4_24,312,True,
267,chrome,windows,0,0,0.0.5,0,6,live,238,quest_main,3.21,3.21,0,0,7,1,0.002,2_4_24,312,True,44.19015
268,chrome,windows,0,0,0.0.5,0,6,live,309,quest_main,3.33,3.33,0,0,7,1,0.002,2_4_24,312,False,96.1718
269,chrome,windows,0,0,0.0.5,0,6,live,311,quest_main,2.89,2.89,0,0,7,1,0.002,2_4_24,312,True,117.68976666666667
271,firefox,windows,0,0,0.0.5,0,6,live,357,quest_main,3.46,3.46,0,0,7,1,0.002,2_4_24,312,False,45.99518333333334
272,chrome,windows,0,0,0.0.5,0,2,live,420,quest_main,,,0,0,7,1,0.002,2_4_24,312,True,
273,firefox,linux,0,0,0.0.5,0,6,live,240,quest_main,0.0,0.0,0,0,7,1,0.002,2_4_24,312,True,60.70868333333333
274,chrome,windows,0,0,0.0.5,0,6,live,267,quest_main,2.89,2.89,0,0,7,1,0.002,2_4_24,312,True,72.47711666666666
275,chrome,windows,0,0,0.0.5,0,6,live,419,quest_main,1.87,1.87,0,0,7,1,0.002,2_4_24,312,False,58.870133333333335
276,firefox,windows,0,0,0.0.5,0,6,live,418,quest_main,3.38,3.38,0,0,7,1,0.002,2_4_24,312,False,73.17331666666666
277,chrome,windows,0,0,0.0.5,0,6,live,499,quest_main,3.15,3.15,0,0,7,1,0.002,2_4_24,312,True,110.30675
278,chrome,macos,0,0,0.0.5,0,6,live,358,quest_main,0.56,0.56,0,0,7,1,0.002,2_4_24,312,True,50.34571666666667
279,chrome,macos,0,0,0.0.5,0,6,live,767,quest_main,3.71,3.71,0,0,7,1,0.002,2_4_24,312,False,49.22808333333333
281,chrome,windows,0,0,0.0.5,0,6,live,609,quest_main,3.24,3.24,0,0,7,1,0.002,2_4_24,312,True,62.551233333333336
282,chrome,windows,0,0,0.0.5,0,6,live,242,quest_main,2.57,2.57,0,0,7,1,0.002,2_4_24,312,False,91.33356666666667
283,chrome,windows,0,0,0.0.5,0,6,live,241,quest_main,2.98,2.98,0,0,7,1,0.002,2_4_24,312,False,77.02253333333333
284,chrome,chromeos,0,0,0.0.5,0,6,live,422,quest_main,3.17,3.17,0,0,7,1,0.002,2_4_24,312,True,53.3977
285,chrome,windows,0,0,0.0.5,0,6,live,421,quest_main,1.2,1.2,0,0,7,1,0.002,2_4_24,312,True,105.5144
287,chrome,macos,0,0,0.0.5,0,6,live,640,quest_main,3.35,3.35,0,0,7,1,0.002,2_4_24,312,False,52.467083333333335
288,chrome,windows,0,0,0.0.5,0,6,live,312,quest_main,2.9,2.9,0,0,7,1,0.002,2_4_24,312,False,78.63213333333333
289,chrome,windows,0,0,0.0.5,0,6,live,536,quest_main,0.92,0.92,0,0,7,1,0.002,2_4_24,312,True,77.35518333333333
290,chrome,windows,0,0,0.0.5,0,6,live,340,quest_main,2.45,2.45,0,0,7,1,0.002,2_4_24,312,True,37.622616666666666
292,chrome,windows,0,0,0.0.5,0,6,live,474,quest_main,2.69,2.69,0,0,7,1,0.002,2_4_24,312,False,96.82758333333334
293,chrome,windows,0,0,0.0.5,0,6,live,360,quest_main,3.1,3.1,0,0,7,1,0.002,2_4_24,312,False,44.18075
295,chrome,windows,0,0,0.0.5,0,6,live,423,quest_main,3.42,3.42,0,0,7,1,0.002,2_4_24,312,True,50.21111666666667
296,chrome,windows,0,0,0.0.5,0,6,live,297,quest_main,3.42,3.42,0,0,7,1,0.002,2_4_24,312,True,103.9594
298,chrome,windows,0,0,0.0.5,0,6,live,268,quest_main,3.15,3.15,0,0,7,1,0.002,2_4_24,312,True,60.86468333333333
299,chrome,windows,0,0,0.0.5,0,6,live,361,quest_main,2.99,2.99,0,0,7,1,0.002,2_4_24,312,True,24.721233333333334
301,chrome,windows,0,0,0.0.5,0,6,live,493,quest_main,3.28,3.28,0,0,7,1,0.002,2_4_24,312,True,74.27658333333333
304,chrome,windows,0,0,0.0.5,0,6,live,359,quest_main,3.21,3.21,0,0,7,1,0.002,2_4_24,312,True,52.410983333333334
305,chrome,windows,0,0,0.0.5,0,6,live,475,quest_main,3.63,3.63,0,0,7,1,0.002,2_4_24,312,False,60.260266666666666
306,chrome,windows,0,0,0.0.5,0,6,live,494,quest_main,3.51,3.51,0,0,7,1,0.002,2_4_24,312,False,76.54825
307,chrome,windows,0,0,0.0.5,0,6,live,424,quest_main,2.96,2.96,0,0,7,1,0.002,2_4_24,312,False,59.18443333333333
308,firefox,windows,0,0,0.0.5,0,6,live,269,quest_main,3.19,3.19,0,0,7,1,0.002,2_4_24,312,True,46.377
309,chrome,windows,0,0,0.0.5,0,6,live,537,quest_main,0.6,0.6,0,0,7,1,0.002,2_4_24,312,False,51.24978333333333
310,chrome,windows,0,0,0.0.5,0,6,live,874,quest_main,3.33,3.33,0,0,7,1,0.002,2_4_24,312,True,45.41555
311,chrome,windows,0,0,0.0.5,0,6,live,540,quest_main,3.58,3.58,0,0,7,1,0.002,2_4_24,312,False,123.72893333333333
312,chrome,windows,0,0,0.0.5,0,6,live,611,quest_main,2.99,2.99,0,0,7,1,0.002,2_4_24,312,False,63.8837
313,chrome,windows,0,0,0.0.5,0,6,live,610,quest_main,3.29,3.29,0,0,7,1,0.002,2_4_24,312,True,49.21328333333334
314,chrome,windows,0,0,0.0.5,0,6,live,362,quest_main,3.21,3.21,0,0,7,1,0.002,2_4_24,312,True,96.42111666666666
316,chrome,windows,0,0,0.0.5,0,6,live,246,quest_main,3.02,3.02,0,0,7,1,0.002,2_4_24,312,False,128.6315
317,chrome,windows,0,0,0.0.5,0,6,live,363,quest_main,3.31,3.31,0,0,7,1,0.002,2_4_24,312,True,32.99616666666667
318,chrome,windows,0,0,0.0.5,0,6,live,270,quest_main,3.54,3.54,0,0,7,1,0.002,2_4_24,312,False,71.59953333333333
319,chrome,windows,0,0,0.0.5,0,6,live,247,quest_main,3.31,3.31,0,0,7,1,0.002,2_4_24,312,False,110.46575
320,chrome,windows,0,0,0.0.5,0,6,live,425,quest_main,3.45,3.45,0,0,7,1,0.002,2_4_24,312,False,79.35473333333333
321,chrome,windows,0,0,0.0.5,0,6,live,476,quest_main,2.91,2.91,0,0,7,1,0.002,2_4_24,312,False,45.510866666666665
322,chrome,windows,0,0,0.0.5,0,6,live,426,quest_main,3.04,3.04,0,0,7,1,0.002,2_4_24,312,False,61.18841666666667
323,chrome,macos,0,0,0.0.5,0,6,live,364,quest_main,3.25,3.25,0,0,7,1,0.002,2_4_24,312,True,61.587466666666664
324,chrome,windows,0,0,0.0.5,0,6,live,495,quest_main,3.28,3.28,0,0,7,1,0.002,2_4_24,312,False,74.07371666666667
325,chrome,windows,0,0,0.0.5,0,6,live,314,quest_main,2.92,2.92,0,0,7,1,0.002,2_4_24,312,False,136.57221666666666
326,chrome,windows,0,0,0.0.5,0,6,live,612,quest_main,1.29,1.29,0,0,7,1,0.002,2_4_24,312,True,39.28375
327,chrome,windows,0,0,0.0.5,0,6,live,530,quest_main,3.41,3.41,0,0,7,1,0.002,2_4_24,312,True,58.894816666666664
329,firefox,windows,0,0,0.0.5,0,6,live,768,quest_main,3.26,3.26,0,0,7,1,0.002,2_4_24,312,False,88.86385
331,chrome,windows,0,0,0.0.5,0,2,live,248,quest_main,,,0,0,7,1,0.002,2_4_24,312,True,
332,firefox,linux,0,0,0.0.5,0,6,live,477,quest_main,3.27,3.27,0,0,7,1,0.002,2_4_24,312,True,50.518366666666665
333,chrome,windows,0,0,0.0.5,0,6,live,315,quest_main,3.26,3.26,0,0,7,1,0.002,2_4_24,312,False,54.66096666666667
334,chrome,windows,0,0,0.0.5,0,6,live,271,quest_main,3.34,3.34,0,0,7,1,0.002,2_4_24,312,False,62.76668333333333
335,chrome,macos,0,0,0.0.5,0,6,live,428,quest_main,2.28,2.28,0,0,7,1,0.002,2_4_24,312,True,27.201983333333335
336,chrome,windows,0,0,0.0.5,0,6,live,353,quest_main,3.32,3.32,0,0,7,1,0.002,2_4_24,312,True,77.76106666666666
337,chrome,windows,0,0,0.0.5,0,6,live,512,quest_main,3.3,3.3,0,0,7,1,0.002,2_4_24,312,False,43.156283333333334
338,chrome,windows,0,0,0.0.5,0,6,live,400,quest_main,2.36,2.36,0,0,7,1,0.002,2_4_24,312,True,38.465
339,chrome,windows,0,0,0.0.5,0,6,live,688,quest_main,3.14,3.14,0,0,7,1,0.002,2_4_24,312,True,95.72733333333333
340,chrome,windows,0,0,0.0.5,0,6,live,613,quest_main,3.11,3.11,0,0,7,1,0.002,2_4_24,312,True,57.5416
341,chrome,windows,0,0,0.0.5,0,6,live,922,quest_main,3.38,3.38,0,0,7,1,0.002,2_4_24,312,False,82.28791666666666
342,chrome,windows,0,0,0.0.5,0,6,live,317,quest_main,2.07,2.07,0,0,7,1,0.002,2_4_24,312,False,115.35925
344,chrome,windows,0,0,0.0.5,0,6,live,274,quest_main,3.05,3.05,0,0,7,1,0.002,2_4_24,312,True,121.83868333333334
345,chrome,windows,0,0,0.0.5,0,6,live,496,quest_main,3.46,3.46,0,0,7,1,0.002,2_4_24,312,True,34.79696666666667
346,chrome,windows,0,0,0.0.5,0,6,live,249,quest_main,2.59,2.59,0,0,7,1,0.002,2_4_24,312,False,75.42115
347,chrome,macos,0,0,0.0.5,0,6,live,429,quest_main,2.86,2.86,0,0,7,1,0.002,2_4_24,312,True,65.16245
348,chrome,windows,0,0,0.0.5,0,6,live,272,quest_main,3.11,3.11,0,0,7,1,0.002,2_4_24,312,False,72.56741666666667
349,chrome,windows,0,0,0.0.5,0,6,live,273,quest_main,3.29,3.29,0,0,7,1,0.002,2_4_24,312,True,55.1193
350,firefox,linux,0,0,0.0.5,0,6,live,316,quest_main,2.97,2.97,0,0,7,1,0.002,2_4_24,312,False,146.47958333333332
351,chrome,windows,0,0,0.0.5,0,6,live,341,quest_main,3.08,3.08,0,0,7,1,0.002,2_4_24,312,False,57.95503333333333
352,chrome,windows,0,0,0.0.5,0,6,live,365,quest_main,3.36,3.36,0,0,7,1,0.002,2_4_24,312,False,84.51796666666667
353,chrome,windows,0,0,0.0.5,0,6,live,570,quest_main,3.11,3.11,0,0,7,1,0.002,2_4_24,312,True,33.65133333333333
354,chrome,windows,0,0,0.0.5,0,6,live,538,quest_main,3.37,3.37,0,0,7,1,0.002,2_4_24,312,True,59.94635
355,chrome,windows,0,0,0.0.5,0,6,live,664,quest_main,2.59,2.59,0,0,7,1,0.002,2_4_24,312,True,101.61561666666667
356,chrome,windows,0,0,0.0.5,0,6,live,769,quest_main,3.35,3.35,0,0,7,1,0.002,2_4_24,312,True,73.455
357,chrome,windows,0,0,0.0.5,0,6,live,913,quest_main,2.88,2.88,0,0,7,1,0.002,2_4_24,312,False,77.18638333333334
358,chrome,windows,0,0,0.0.5,0,6,live,250,quest_main,0.84,0.84,0,0,7,1,0.002,2_4_24,312,False,62.3219
360,chrome,chromeos,0,0,0.0.5,0,6,live,401,quest_main,3.32,3.32,0,0,7,1,0.002,2_4_24,312,False,86.33586666666666
361,chrome,windows,0,0,0.0.5,0,6,live,251,quest_main,3.39,3.39,0,0,7,1,0.002,2_4_24,312,False,86.77876666666667
362,chrome,windows,0,0,0.0.5,0,6,live,252,quest_main,3.44,3.44,0,0,7,1,0.002,2_4_24,312,False,59.68528333333333
363,chrome,macos,0,0,0.0.5,0,6,live,432,quest_main,3.35,3.35,0,0,7,1,0.002,2_4_24,312,True,89.46655
364,chrome,windows,0,0,0.0.5,0,6,live,431,quest_main,3.3,3.3,0,0,7,1,0.002,2_4_24,312,False,69.44713333333333
365,firefox,linux,0,0,0.0.5,0,6,live,318,quest_main,3.19,3.19,0,0,7,1,0.002,2_4_24,312,False,44.3981
366,firefox,windows,0,0,0.0.5,0,6,live,689,quest_main,2.86,2.86,0,0,7,1,0.002,2_4_24,312,True,54.353366666666666
369,chrome,windows,0,0,0.0.5,0,6,live,554,quest_main,3.67,3.67,0,0,7,1,0.002,2_4_24,312,False,104.42825
370,chrome,windows,0,0,0.0.5,0,6,live,555,quest_main,3.37,3.37,0,0,7,1,0.002,2_4_24,312,False,83.42086666666667
371,chrome,windows,0,0,0.0.5,0,6,live,319,quest_main,3.01,3.01,0,0,7,1,0.002,2_4_24,312,False,71.57026666666667
372,chrome,macos,0,0,0.0.5,0,6,live,276,quest_main,3.03,3.03,0,0,7,1,0.002,2_4_24,312,False,76.89015
373,chrome,windows,0,0,0.0.5,0,6,live,369,quest_main,2.91,2.91,0,0,7,1,0.002,2_4_24,312,False,58.84085
374,chrome,windows,0,0,0.0.5,0,6,live,275,quest_main,1.92,1.92,0,0,7,1,0.002,2_4_24,312,True,63.896483333333336
376,chrome,windows,0,0,0.0.5,0,6,live,370,quest_main,3.23,3.23,0,0,7,1,0.002,2_4_24,312,True,80.74593333333333
377,firefox,windows,0,0,0.0.5,0,6,live,479,quest_main,0.76,0.76,0,0,7,1,0.002,2_4_24,312,False,86.68376666666667
378,chrome,macos,0,0,0.0.5,0,6,live,277,quest_main,3.13,3.13,0,0,7,1,0.002,2_4_24,312,False,66.14005
381,chrome,windows,0,0,0.0.5,0,6,live,513,quest_main,0.86,0.86,0,0,7,1,0.002,2_4_24,312,True,68.96836666666667
382,chrome,windows,0,0,0.0.5,0,6,live,279,quest_main,2.79,2.79,0,0,7,1,0.002,2_4_24,312,True,49.68425
383,chrome,windows,0,0,0.0.5,0,6,live,321,quest_main,3.5,3.5,0,0,7,1,0.002,2_4_24,312,False,146.6617
384,chrome,windows,0,0,0.0.5,0,6,live,514,quest_main,3.34,3.34,0,0,7,1,0.002,2_4_24,312,True,56.8016
386,chrome,windows,0,0,0.0.5,0,6,live,278,quest_main,2.53,2.53,0,0,7,1,0.002,2_4_24,312,False,41.70121666666667
387,chrome,windows,0,0,0.0.5,0,6,live,434,quest_main,,,0,0,7,1,0.002,2_4_24,312,True,100.6719
388,chrome,windows,0,0,0.0.5,0,6,live,373,quest_main,3.26,3.26,0,0,7,1,0.002,2_4_24,312,True,67.15956666666666
389,chrome,windows,0,0,0.0.5,0,6,live,402,quest_main,2.54,2.54,0,0,7,1,0.002,2_4_24,312,False,56.93163333333333
390,firefox,windows,0,0,0.0.5,0,6,live,371,quest_main,3.73,3.73,0,0,7,1,0.002,2_4_24,312,True,137.02538333333334
391,chrome,windows,0,0,0.0.5,0,6,live,770,quest_main,3.52,3.52,0,0,7,1,0.002,2_4_24,312,False,93.2736
392,chrome,windows,0,0,0.0.5,0,6,live,498,quest_main,3.26,3.26,0,0,7,1,0.002,2_4_24,312,False,59.205733333333335
394,chrome,macos,0,0,0.0.5,0,6,live,556,quest_main,3.27,3.27,0,0,7,1,0.002,2_4_24,312,True,76.13195
395,chrome,macos,0,0,0.0.5,0,6,live,641,quest_main,3.44,3.44,0,0,7,1,0.002,2_4_24,312,False,64.77715
396,chrome,windows,0,0,0.0.5,0,6,live,322,quest_main,2.02,2.02,0,0,7,1,0.002,2_4_24,312,True,59.297383333333336
398,chrome,windows,0,0,0.0.5,0,6,live,515,quest_main,3.28,3.28,0,0,7,1,0.002,2_4_24,312,False,54.74068333333334
399,firefox,windows,0,0,0.0.5,0,2,live,280,quest_main,2.91,2.91,0,0,7,1,0.002,2_4_24,312,False,95.07698333333333
400,chrome,windows,0,0,0.0.5,0,6,live,375,quest_main,2.52,2.52,0,0,7,1,0.002,2_4_24,312,True,56.807116666666666
401,chrome,windows,0,0,0.0.5,0,6,live,374,quest_main,3.06,3.06,0,0,7,1,0.002,2_4_24,312,True,54.53066666666667
402,chrome,windows,0,0,0.0.5,0,6,live,281,quest_main,3.33,3.33,0,0,7,1,0.002,2_4_24,312,True,57.3899
403,chrome,windows,0,0,0.0.5,0,6,live,690,quest_main,3.23,3.23,0,0,7,1,0.002,2_4_24,312,False,61.77653333333333
404,chrome,windows,0,0,0.0.5,0,6,live,323,quest_main,3.37,3.37,0,0,7,1,0.002,2_4_24,312,False,54.31995
405,chrome,windows,0,0,0.0.5,0,6,live,516,quest_main,3.05,3.05,0,0,7,1,0.002,2_4_24,312,True,49.01153333333333
406,chrome,windows,0,0,0.0.5,0,6,live,539,quest_main,3.26,3.26,0,0,7,1,0.002,2_4_24,312,True,53.2024
407,chrome,windows,0,0,0.0.5,0,6,live,572,quest_main,3.28,3.28,0,0,7,1,0.002,2_4_24,312,True,78.8567
408,chrome,windows,0,0,0.0.5,0,6,live,436,quest_main,3.5,3.5,0,0,7,1,0.002,2_4_24,312,False,53.81283333333333
409,chrome,macos,0,0,0.0.5,0,6,live,435,quest_main,3.25,3.25,0,0,7,1,0.002,2_4_24,312,False,64.56353333333334
410,chrome,windows,0,0,0.0.5,0,6,live,283,quest_main,3.29,3.29,0,0,7,1,0.002,2_4_24,312,False,65.58635
411,chrome,windows,0,0,0.0.5,0,6,live,615,quest_main,3.49,3.49,0,0,7,1,0.002,2_4_24,312,False,69.45846666666667
413,safari,macos,0,0,0.0.5,0,6,live,324,quest_main,3.32,3.32,0,0,7,1,0.002,2_4_24,312,True,52.498466666666666
414,chrome,windows,0,0,0.0.5,0,6,live,517,quest_main,3.14,3.14,0,0,7,1,0.002,2_4_24,312,False,78.4031
415,chrome,windows,0,0,0.0.5,0,6,live,282,quest_main,2.69,2.69,0,0,7,1,0.002,2_4_24,312,True,62.27355
417,chrome,windows,0,0,0.0.5,0,6,live,665,quest_main,3.35,3.35,0,0,7,1,0.002,2_4_24,312,False,30.247666666666667
418,chrome,windows,0,0,0.0.5,0,6,live,500,quest_main,3.02,3.02,0,0,7,1,0.002,2_4_24,312,True,57.517266666666664
419,chrome,windows,0,0,0.0.5,0,6,live,325,quest_main,3.41,3.41,0,0,7,1,0.002,2_4_24,312,False,124.3831
420,chrome,windows,0,0,0.0.5,0,6,live,345,quest_main,3.15,3.15,0,0,7,1,0.002,2_4_24,312,True,41.36783333333333
422,chrome,windows,0,0,0.0.5,0,6,live,284,quest_main,3.24,3.24,0,0,7,1,0.002,2_4_24,312,False,53.34428333333334
423,chrome,windows,0,0,0.0.5,0,6,live,573,quest_main,2.2,2.2,0,0,7,1,0.002,2_4_24,312,False,38.59898333333334
424,chrome,windows,0,0,0.0.5,0,6,live,438,quest_main,3.42,3.42,0,0,7,1,0.002,2_4_24,312,False,53.49986666666667
425,firefox,windows,0,0,0.0.5,0,6,live,437,quest_main,,,0,0,7,1,0.002,2_4_24,312,True,
426,firefox,windows,0,0,0.0.5,0,6,live,574,quest_main,3.26,3.26,0,0,7,1,0.002,2_4_24,312,True,55.7481
427,chrome,windows,0,0,0.0.5,0,6,live,403,quest_main,1.12,1.12,0,0,7,1,0.002,2_4_24,312,True,65.91163333333333
428,chrome,macos,0,0,0.0.5,0,6,live,481,quest_main,3.32,3.32,0,0,7,1,0.002,2_4_24,312,False,45.70975
429,chrome,windows,0,0,0.0.5,0,6,live,616,quest_main,0.0,0.0,0,0,7,1,0.002,2_4_24,312,True,82.05616666666667
430,chrome,macos,0,0,0.0.5,0,6,live,575,quest_main,3.3,3.3,0,0,7,1,0.002,2_4_24,312,False,61.000933333333336
431,chrome,macos,0,0,0.0.5,0,6,live,518,quest_main,3.4,3.4,0,0,7,1,0.002,2_4_24,312,True,74.0738
432,chrome,windows,0,0,0.0.5,0,6,live,617,quest_main,2.98,2.98,0,0,7,1,0.002,2_4_24,312,False,42.83145
433,chrome,windows,0,0,0.0.5,0,6,live,771,quest_main,3.64,3.64,0,0,7,1,0.002,2_4_24,312,True,78.99135
434,chrome,windows,0,0,0.0.5,0,2,live,368,quest_main,,,0,0,7,1,0.002,2_4_24,312,False,76.49708333333334
435,chrome,windows,0,0,0.0.5,0,6,live,376,quest_main,2.58,2.58,0,0,7,1,0.002,2_4_24,312,True,112.17536666666666
436,chrome,windows,0,0,0.0.5,0,6,live,378,quest_main,3.33,3.33,0,0,7,1,0.002,2_4_24,312,True,60.05023333333333
437,chrome,windows,0,0,0.0.5,0,6,live,439,quest_main,2.38,2.38,0,0,7,1,0.002,2_4_24,312,False,39.22488333333333
438,chrome,macos,0,0,0.0.5,0,6,live,377,quest_main,3.35,3.35,0,0,7,1,0.002,2_4_24,312,False,80.6886
439,chrome,windows,0,0,0.0.5,0,6,live,286,quest_main,2.86,2.86,0,0,7,1,0.002,2_4_24,312,False,69.15776666666666
441,chrome,windows,0,0,0.0.5,0,6,live,441,quest_main,3.11,3.11,0,0,7,1,0.002,2_4_24,312,False,31.35165
443,opera,windows,0,0,0.0.5,0,6,live,328,quest_main,3.26,3.26,0,0,7,1,0.002,2_4_24,312,True,79.43301666666666
445,chrome,windows,0,0,0.0.5,0,6,live,327,quest_main,0.23,0.23,0,0,7,1,0.002,2_4_24,312,True,77.93428333333334
446,chrome,windows,0,0,0.0.5,0,6,live,482,quest_main,2.19,2.19,0,0,7,1,0.002,2_4_24,312,True,98.69585
448,chrome,windows,0,0,0.0.5,0,6,live,404,quest_main,,,0,0,7,1,0.002,2_4_24,312,True,59.5664
449,chrome,windows,0,0,0.0.5,0,6,live,344,quest_main,2.94,2.94,0,0,7,1,0.002,2_4_24,312,True,49.85288333333333
450,chrome,windows,0,0,0.0.5,0,6,live,379,quest_main,3.2,3.2,0,0,7,1,0.002,2_4_24,312,False,75.55416666666666
451,chrome,windows,0,0,0.0.5,0,6,live,502,quest_main,1.41,1.41,0,0,7,1,0.002,2_4_24,312,True,102.18946666666666
452,chrome,windows,0,0,0.0.5,0,6,live,711,quest_main,3.13,3.13,0,0,7,1,0.002,2_4_24,312,False,44.69825
453,chrome,windows,0,0,0.0.5,0,6,live,712,quest_main,3.55,3.55,0,0,7,1,0.002,2_4_24,312,True,59.40325
454,chrome,windows,0,0,0.0.5,0,6,live,405,quest_main,3.57,3.57,0,0,7,1,0.002,2_4_24,312,True,36.29326666666667
456,chrome,windows,0,0,0.0.5,0,6,live,380,quest_main,3.4,3.4,0,0,7,1,0.002,2_4_24,312,True,52.79601666666667
457,chrome,windows,0,0,0.0.5,0,6,live,329,quest_main,3.4,3.4,0,0,7,1,0.002,2_4_24,312,True,45.744416666666666
458,chrome,windows,0,0,0.0.5,0,6,live,578,quest_main,3.33,3.33,0,0,7,1,0.002,2_4_24,312,True,55.798833333333334
459,chrome,windows,0,0,0.0.5,0,6,live,442,quest_main,2.94,2.94,0,0,7,1,0.002,2_4_24,312,False,116.93623333333333
460,chrome,windows,0,0,0.0.5,0,6,live,381,quest_main,3.18,3.18,0,0,7,1,0.002,2_4_24,312,True,72.20003333333334
461,chrome,macos,0,0,0.0.5,0,6,live,351,quest_main,0.0,0.0,0,0,7,1,0.002,2_4_24,312,False,76.66451666666667
462,chrome,windows,0,0,0.0.5,0,6,live,382,quest_main,3.24,3.24,0,0,7,1,0.002,2_4_24,312,False,58.823966666666664
464,firefox,windows,0,0,0.0.5,0,6,live,579,quest_main,3.57,3.57,0,0,7,1,0.002,2_4_24,312,True,44.41073333333333
465,chrome,windows,0,0,0.0.5,0,6,live,557,quest_main,2.78,2.78,0,0,7,1,0.002,2_4_24,312,False,88.28498333333333
466,chrome,windows,0,0,0.0.5,0,6,live,503,quest_main,3.08,3.08,0,0,7,1,0.002,2_4_24,312,False,69.03156666666666
467,chrome,windows,0,0,0.0.5,0,6,live,618,quest_main,3.28,3.28,0,0,7,1,0.002,2_4_24,312,False,65.99931666666667
468,chrome,windows,0,0,0.0.5,0,6,live,642,quest_main,3.21,3.21,0,0,7,1,0.002,2_4_24,312,True,109.39091666666667
469,chrome,windows,0,0,0.0.5,0,6,live,384,quest_main,,,0,0,7,1,0.002,2_4_24,312,False,137.08681666666666
471,chrome,macos,0,0,0.0.5,0,6,live,443,quest_main,2.77,2.77,0,0,7,1,0.002,2_4_24,312,False,66.50795
473,chrome,windows,0,0,0.0.5,0,6,live,385,quest_main,3.13,3.13,0,0,7,1,0.002,2_4_24,312,False,61.78815
474,chrome,windows,0,0,0.0.5,0,6,live,406,quest_main,3.31,3.31,0,0,7,1,0.002,2_4_24,312,False,41.45126666666667
475,chrome,windows,0,0,0.0.5,0,6,live,383,quest_main,3.27,3.27,0,0,7,1,0.002,2_4_24,312,True,57.224983333333334
477,chrome,windows,0,0,0.0.5,0,6,live,331,quest_main,3.18,3.18,0,0,7,1,0.002,2_4_24,312,False,127.34083333333334
480,firefox,macos,0,0,0.0.5,0,6,live,346,quest_main,3.22,3.22,0,0,7,1,0.002,2_4_24,312,True,62.4563
482,chrome,windows,0,0,0.0.5,0,6,live,445,quest_main,,,0,0,7,1,0.002,2_4_24,312,True,58.89496666666667
483,chrome,windows,0,0,0.0.5,0,6,live,387,quest_main,2.97,2.97,0,0,7,1,0.002,2_4_24,312,True,93.93921666666667
484,chrome,windows,0,0,0.0.5,0,6,live,386,quest_main,3.24,3.24,0,0,7,1,0.002,2_4_24,312,True,51.61756666666667
485,chrome,windows,0,0,0.0.5,0,6,live,407,quest_main,2.88,2.88,0,0,7,1,0.002,2_4_24,312,True,66.60445
486,chrome,windows,0,0,0.0.5,0,6,live,504,quest_main,1.58,1.58,0,0,7,1,0.002,2_4_24,312,False,61.6125
487,chrome,windows,0,0,0.0.5,0,6,live,446,quest_main,0.74,0.74,0,0,7,1,0.002,2_4_24,312,False,34.59576666666667
488,chrome,windows,0,0,0.0.5,0,6,live,666,quest_main,2.9,2.9,0,0,7,1,0.002,2_4_24,312,False,53.08745
489,chrome,windows,0,0,0.0.5,0,6,live,713,quest_main,2.86,2.86,0,0,7,1,0.002,2_4_24,312,False,28.656766666666666
490,chrome,windows,0,0,0.0.5,0,6,live,541,quest_main,0.65,0.65,0,0,7,1,0.002,2_4_24,312,True,58.40148333333333
491,firefox,macos,0,0,0.0.5,0,6,live,619,quest_main,3.21,3.21,0,0,7,1,0.002,2_4_24,312,True,111.75326666666666
492,firefox,macos,0,0,0.0.5,0,6,live,643,quest_main,2.87,2.87,0,0,7,1,0.002,2_4_24,312,False,60.570433333333334
493,chrome,windows,0,0,0.0.5,0,6,live,875,quest_main,,,0,0,7,1,0.002,2_4_24,312,False,72.0103
494,firefox,windows,0,0,0.0.5,0,6,live,336,quest_main,3.11,3.11,0,0,7,1,0.002,2_4_24,312,False,85.26248333333334
495,chrome,windows,0,0,0.0.5,0,6,live,389,quest_main,1.8,1.8,0,0,7,1,0.002,2_4_24,312,False,34.67668333333334
497,chrome,windows,0,0,0.0.5,0,6,live,334,quest_main,3.42,3.42,0,0,7,1,0.002,2_4_24,312,False,53.9456
498,chrome,windows,0,0,0.0.5,0,6,live,335,quest_main,3.37,3.37,0,0,7,1,0.002,2_4_24,312,True,85.22458333333333
499,chrome,windows,0,0,0.0.5,0,6,live,772,quest_main,3.55,3.55,0,0,7,1,0.002,2_4_24,312,True,49.00366666666667
500,chrome,windows,0,0,0.0.5,0,6,live,505,quest_main,3.18,3.18,0,0,7,1,0.002,2_4_24,312,True,48.88438333333333
501,chrome,windows,0,0,0.0.5,0,6,live,447,quest_main,2.48,2.48,0,0,7,1,0.002,2_4_24,312,False,60.040216666666666
502,chrome,windows,0,0,0.0.5,0,6,live,448,quest_main,2.97,2.97,0,0,7,1,0.002,2_4_24,312,True,45.76676666666667
503,chrome,macos,0,0,0.0.5,0,6,live,542,quest_main,3.09,3.09,0,0,7,1,0.002,2_4_24,312,True,53.74511666666667
504,chrome,windows,0,0,0.0.5,0,6,live,580,quest_main,0.0,0.0,0,0,7,1,0.002,2_4_24,312,False,157.9106
505,chrome,windows,0,0,0.0.5,0,6,live,581,quest_main,2.24,2.24,0,0,7,1,0.002,2_4_24,312,True,54.55975
506,chrome,windows,0,0,0.0.5,0,6,live,582,quest_main,,,0,0,7,1,0.002,2_4_24,312,True,88.47575
507,chrome,windows,0,0,0.0.5,0,6,live,691,quest_main,,,0,0,7,1,0.002,2_4_24,312,False,
508,chrome,windows,0,0,0.0.5,0,6,live,644,quest_main,3.27,3.27,0,0,7,1,0.002,2_4_24,312,True,117.7007
509,chrome,windows,0,0,0.0.5,0,6,live,714,quest_main,2.52,2.52,0,0,7,1,0.002,2_4_24,312,True,62.36615
511,chrome,windows,0,0,0.0.5,0,6,live,396,quest_main,3.48,3.48,0,0,7,1,0.002,2_4_24,312,False,53.9295
512,chrome,macos,0,0,0.0.5,0,6,live,393,quest_main,3.07,3.07,0,0,7,1,0.002,2_4_24,312,False,54.22165
513,opera,windows,0,0,0.0.5,0,6,live,337,quest_main,3.54,3.54,0,0,7,1,0.002,2_4_24,312,True,54.58253333333333
514,chrome,windows,0,0,0.0.5,0,6,live,408,quest_main,3.44,3.44,0,0,7,1,0.002,2_4_24,312,True,78.09188333333333
515,chrome,macos,0,0,0.0.5,0,6,live,409,quest_main,3.24,3.24,0,0,7,1,0.002,2_4_24,312,True,44.4877
516,chrome,macos,0,0,0.0.5,0,6,live,522,quest_main,3.23,3.23,0,0,7,1,0.002,2_4_24,312,True,63.860816666666665
517,chrome,windows,0,0,0.0.5,0,6,live,391,quest_main,3.6,3.6,0,0,7,1,0.002,2_4_24,312,False,36.33761666666667
518,chrome,windows,0,0,0.0.5,0,6,live,392,quest_main,3.22,3.22,0,0,7,1,0.002,2_4_24,312,True,56.159
519,chrome,windows,0,0,0.0.5,0,6,live,338,quest_main,3.22,3.22,0,0,7,1,0.002,2_4_24,312,True,101.9332
520,firefox,windows,0,0,0.0.5,0,6,live,520,quest_main,0.43,0.43,0,0,7,1,0.002,2_4_24,312,False,38.676766666666666
521,chrome,windows,0,0,0.0.5,0,6,live,521,quest_main,3.72,3.72,0,0,7,1,0.002,2_4_24,312,True,63.6877
522,chrome,windows,0,0,0.0.5,0,6,live,692,quest_main,3.43,3.43,0,0,7,1,0.002,2_4_24,312,False,75.67716666666666
525,chrome,windows,0,0,0.0.5,0,6,live,773,quest_main,0.0,0.0,0,0,7,1,0.002,2_4_24,312,False,129.57701666666668
526,chrome,windows,0,0,0.0.5,0,6,live,620,quest_main,3.33,3.33,0,0,7,1,0.002,2_4_24,312,True,84.52233333333334
528,chrome,windows,0,0,0.0.5,0,6,live,774,quest_main,3.3,3.3,0,0,7,1,0.002,2_4_24,312,False,55.5923
529,chrome,windows,0,0,0.0.5,0,6,live,450,quest_main,3.13,3.13,0,0,7,1,0.002,2_4_24,312,False,86.70753333333333
530,chrome,macos,0,0,0.0.5,0,6,live,775,quest_main,3.33,3.33,0,0,7,1,0.002,2_4_24,312,False,38.38078333333333
531,chrome,windows,0,0,0.0.5,0,6,live,451,quest_main,2.88,2.88,0,0,7,1,0.002,2_4_24,312,False,71.92195
532,chrome,windows,0,0,0.0.5,0,6,live,668,quest_main,3.57,3.57,0,0,7,1,0.002,2_4_24,312,True,32.97591666666667
534,chrome,windows,0,0,0.0.5,0,6,live,776,quest_main,3.6,3.6,0,0,7,1,0.002,2_4_24,312,True,75.85155
536,chrome,windows,0,0,0.0.5,0,6,live,667,quest_main,0.0,0.0,0,0,7,1,0.002,2_4_24,312,False,58.4763
537,chrome,windows,0,0,0.0.5,0,6,live,670,quest_main,3.22,3.22,0,0,7,1,0.002,2_4_24,312,False,53.22575
538,chrome,windows,0,0,0.0.5,0,6,live,777,quest_main,2.72,2.72,0,0,7,1,0.002,2_4_24,312,False,45.799366666666664
541,chrome,windows,0,0,0.0.5,0,6,live,543,quest_main,,,0,0,7,1,0.002,2_4_24,312,False,69.7971
542,chrome,windows,0,0,0.0.5,0,6,live,717,quest_main,3.12,3.12,0,0,7,1,0.002,2_4_24,312,True,69.55503333333333
543,chrome,macos,0,0,0.0.5,0,6,live,453,quest_main,2.68,2.68,0,0,7,1,0.002,2_4_24,312,False,53.172666666666665
545,chrome,windows,0,0,0.0.5,0,6,live,524,quest_main,3.26,3.26,0,0,7,1,0.002,2_4_24,312,True,100.0359
547,chrome,windows,0,0,0.0.5,0,6,live,671,quest_main,0.75,0.75,0,0,7,1,0.002,2_4_24,312,True,48.9441
548,chrome,windows,0,0,0.0.5,0,6,live,525,quest_main,,,0,0,7,1,0.002,2_4_24,312,False,
549,chrome,windows,0,0,0.0.5,0,6,live,693,quest_main,3.39,3.39,0,0,7,1,0.002,2_4_24,312,False,52.896033333333335
550,chrome,windows,0,0,0.0.5,0,6,live,454,quest_main,3.19,3.19,0,0,7,1,0.002,2_4_24,312,False,86.0858
551,chrome,windows,0,0,0.0.5,0,6,live,584,quest_main,3.08,3.08,0,0,7,1,0.002,2_4_24,312,True,51.2135
552,chrome,windows,0,0,0.0.5,0,6,live,456,quest_main,3.29,3.29,0,0,7,1,0.002,2_4_24,312,False,54.60425
553,firefox,windows,0,0,0.0.5,0,6,live,455,quest_main,2.69,2.69,0,0,7,1,0.002,2_4_24,312,True,57.10391666666667
554,chrome,windows,0,0,0.0.5,0,6,live,586,quest_main,3.2,3.2,0,0,7,1,0.002,2_4_24,312,True,84.76661666666666
555,chrome,macos,0,0,0.0.5,0,6,live,544,quest_main,2.4,2.4,0,0,7,1,0.002,2_4_24,312,True,47.087716666666665
556,chrome,macos,0,0,0.0.5,0,6,live,696,quest_main,2.61,2.61,0,0,7,1,0.002,2_4_24,312,True,67.95336666666667
557,chrome,windows,0,0,0.0.5,0,6,live,585,quest_main,3.19,3.19,0,0,7,1,0.002,2_4_24,312,True,95.78101666666667
558,chrome,windows,0,0,0.0.5,0,6,live,621,quest_main,,,0,0,7,1,0.002,2_4_24,312,False,93.46143333333333
559,chrome,windows,0,0,0.0.5,0,6,live,778,quest_main,1.46,1.46,0,0,7,1,0.002,2_4_24,312,False,89.42323333333333
560,chrome,windows,0,0,0.0.5,0,6,live,526,quest_main,2.91,2.91,0,0,7,1,0.002,2_4_24,312,False,147.36313333333334
562,chrome,windows,0,0,0.0.5,0,6,live,545,quest_main,3.23,3.23,0,0,7,1,0.002,2_4_24,312,True,155.05218333333335
563,chrome,windows,0,0,0.0.5,0,6,live,587,quest_main,1.23,1.23,0,0,7,1,0.002,2_4_24,312,False,55.37873333333334
564,chrome,windows,0,0,0.0.5,0,6,live,458,quest_main,2.85,2.85,0,0,7,1,0.002,2_4_24,312,True,64.96715
565,chrome,windows,0,0,0.0.5,0,6,live,588,quest_main,2.89,2.89,0,0,7,1,0.002,2_4_24,312,False,64.58858333333333
566,chrome,windows,0,0,0.0.5,0,6,live,718,quest_main,3.35,3.35,0,0,7,1,0.002,2_4_24,312,True,55.6236
567,chrome,windows,0,0,0.0.5,0,6,live,589,quest_main,0.78,0.78,0,0,7,1,0.002,2_4_24,312,True,121.52953333333333
568,chrome,windows,0,0,0.0.5,0,6,live,645,quest_main,3.65,3.65,0,0,7,1,0.002,2_4_24,312,True,49.09236666666666
569,chrome,windows,0,0,0.0.5,0,6,live,876,quest_main,2.69,2.69,0,0,7,1,0.002,2_4_24,312,False,56.907583333333335
571,chrome,windows,0,0,0.0.5,0,6,live,459,quest_main,3.4,3.4,0,0,7,1,0.002,2_4_24,312,False,55.9557
573,chrome,windows,0,0,0.0.5,0,6,live,622,quest_main,3.16,3.16,0,0,7,1,0.002,2_4_24,312,True,73.31278333333333
574,firefox,windows,0,0,0.0.5,0,6,live,546,quest_main,2.68,2.68,0,0,7,1,0.002,2_4_24,312,True,44.477833333333336
575,chrome,windows,0,0,0.0.5,0,6,live,646,quest_main,3.49,3.49,0,0,7,1,0.002,2_4_24,312,True,39.1398
576,firefox,windows,0,0,0.0.5,0,6,live,399,quest_main,0.72,0.72,0,0,7,1,0.002,2_4_24,312,False,50.6173
577,chrome,windows,0,0,0.0.5,0,6,live,484,quest_main,2.99,2.99,0,0,7,1,0.002,2_4_24,312,False,49.08383333333333
579,chrome,windows,0,0,0.0.5,0,6,live,694,quest_main,3.06,3.06,0,0,7,1,0.002,2_4_24,312,True,50.027833333333334
580,chrome,windows,0,0,0.0.5,0,6,live,780,quest_main,3.13,3.13,0,0,7,1,0.002,2_4_24,312,False,101.35028333333334
581,chrome,macos,0,0,0.0.5,0,6,live,877,quest_main,3.5,3.5,0,0,7,1,0.002,2_4_24,312,False,32.3523
582,chrome,macos,0,0,0.0.5,0,6,live,549,quest_main,2.37,2.37,0,0,7,1,0.002,2_4_24,312,True,64.51133333333334
584,chrome,windows,0,0,0.0.5,0,6,live,461,quest_main,2.79,2.79,0,0,7,1,0.002,2_4_24,312,False,39.71525
585,chrome,windows,0,0,0.0.5,0,6,live,460,quest_main,0.54,0.54,0,0,7,1,0.002,2_4_24,312,True,120.22746666666667
587,chrome,windows,0,0,0.0.5,0,6,live,783,quest_main,3.14,3.14,0,0,7,1,0.002,2_4_24,312,False,103.99793333333334
588,firefox,windows,0,0,0.0.5,0,6,live,486,quest_main,2.87,2.87,0,0,7,1,0.002,2_4_24,312,True,46.902966666666664
589,chrome,windows,0,0,0.0.5,0,6,live,781,quest_main,3.44,3.44,0,0,7,1,0.002,2_4_24,312,False,47.6611
590,chrome,macos,0,0,0.0.5,0,6,live,782,quest_main,3.29,3.29,0,0,7,1,0.002,2_4_24,312,False,59.20735
591,chrome,windows,0,0,0.0.5,0,6,live,623,quest_main,3.11,3.11,0,0,7,1,0.002,2_4_24,312,False,77.83606666666667
592,chrome,windows,0,0,0.0.5,0,6,live,590,quest_main,3.48,3.48,0,0,7,1,0.002,2_4_24,312,True,56.724183333333336
593,safari,macos,0,0,0.0.5,0,6,live,914,quest_main,2.73,2.73,0,0,7,1,0.002,2_4_24,312,True,50.193733333333334
594,chrome,windows,0,0,0.0.5,0,6,live,463,quest_main,3.14,3.14,0,0,7,1,0.002,2_4_24,312,False,42.34095
596,chrome,windows,0,0,0.0.5,0,6,live,674,quest_main,3.25,3.25,0,0,7,1,0.002,2_4_24,312,True,35.12545
597,chrome,windows,0,0,0.0.5,0,6,live,527,quest_main,3.03,3.03,0,0,7,1,0.002,2_4_24,312,False,72.90163333333334
598,chrome,windows,0,0,0.0.5,0,6,live,647,quest_main,3.13,3.13,0,0,7,1,0.002,2_4_24,312,False,74.2478
599,chrome,windows,0,0,0.0.5,0,6,live,462,quest_main,3.57,3.57,0,0,7,1,0.002,2_4_24,312,True,113.1187
600,chrome,windows,0,0,0.0.5,0,6,live,878,quest_main,3.03,3.03,0,0,7,1,0.002,2_4_24,312,False,104.00276666666667
601,chrome,windows,0,0,0.0.5,0,6,live,784,quest_main,3.34,3.34,0,0,7,1,0.002,2_4_24,312,False,27.737683333333333
602,chrome,linux,0,0,0.0.5,0,6,live,697,quest_main,3.36,3.36,0,0,7,1,0.002,2_4_24,312,True,87.00876666666667
603,chrome,windows,0,0,0.0.5,0,6,live,785,quest_main,3.3,3.3,0,0,7,1,0.002,2_4_24,312,False,43.787733333333335
604,chrome,windows,0,0,0.0.5,0,6,live,915,quest_main,3.3,3.3,0,0,7,1,0.002,2_4_24,312,False,65.00735
605,chrome,windows,0,0,0.0.5,0,6,live,464,quest_main,3.43,3.43,0,0,7,1,0.002,2_4_24,312,False,56.377716666666664
606,chrome,chromeos,0,0,0.0.5,0,6,live,676,quest_main,1.71,1.71,0,0,7,1,0.002,2_4_24,312,True,77.60361666666667
607,chrome,windows,0,0,0.0.5,0,6,live,624,quest_main,0.52,0.52,0,0,7,1,0.002,2_4_24,312,False,57.045833333333334
608,chrome,windows,0,0,0.0.5,0,6,live,467,quest_main,3.15,3.15,0,0,7,1,0.002,2_4_24,312,True,50.73506666666667
609,chrome,windows,0,0,0.0.5,0,6,live,466,quest_main,3.31,3.31,0,0,7,1,0.002,2_4_24,312,True,92.6691
610,chrome,windows,0,0,0.0.5,0,6,live,551,quest_main,2.78,2.78,0,0,7,1,0.002,2_4_24,312,False,64.05615
611,chrome,windows,0,0,0.0.5,0,6,live,552,quest_main,3.43,3.43,0,0,7,1,0.002,2_4_24,312,False,36.951116666666664
612,chrome,windows,0,0,0.0.5,0,6,live,786,quest_main,3.04,3.04,0,0,7,1,0.002,2_4_24,312,False,80.64568333333334
613,chrome,windows,0,0,0.0.5,0,6,live,698,quest_main,3.42,3.42,0,0,7,1,0.002,2_4_24,312,True,69.63623333333334
614,chrome,macos,0,0,0.0.5,0,6,live,675,quest_main,0.66,0.66,0,0,7,1,0.002,2_4_24,312,True,44.513733333333334
615,chrome,windows,0,0,0.0.5,0,6,live,648,quest_main,3.66,3.66,0,0,7,1,0.002,2_4_24,312,True,87.32121666666667
616,chrome,macos,0,0,0.0.5,0,6,live,788,quest_main,2.86,2.86,0,0,7,1,0.002,2_4_24,312,False,39.474666666666664
617,chrome,windows,0,0,0.0.5,0,6,live,787,quest_main,2.89,2.89,0,0,7,1,0.002,2_4_24,312,False,119.33101666666667
618,firefox,windows,0,0,0.0.5,0,6,live,721,quest_main,3.17,3.17,0,0,7,1,0.002,2_4_24,312,True,44.076966666666664
621,chrome,macos,0,0,0.0.5,0,6,live,649,quest_main,3.15,3.15,0,0,7,1,0.002,2_4_24,312,False,36.61535
622,safari,macos,0,0,0.0.5,0,6,live,677,quest_main,3.69,3.69,0,0,7,1,0.002,2_4_24,312,True,76.96476666666666
623,chrome,windows,0,0,0.0.5,0,6,live,468,quest_main,3.2,3.2,0,0,7,1,0.002,2_4_24,312,True,91.68556666666667
624,firefox,windows,0,0,0.0.5,0,6,live,591,quest_main,3.5,3.5,0,0,7,1,0.002,2_4_24,312,True,67.75921666666666
625,chrome,windows,0,0,0.0.5,0,6,live,699,quest_main,3.3,3.3,0,0,7,1,0.002,2_4_24,312,False,47.4214
627,chrome,windows,0,0,0.0.5,0,6,live,529,quest_main,2.8,2.8,0,0,7,1,0.002,2_4_24,312,False,47.5624
628,chrome,windows,0,0,0.0.5,0,6,live,790,quest_main,3.02,3.02,0,0,7,1,0.002,2_4_24,312,True,44.87428333333333
630,chrome,windows,0,0,0.0.5,0,6,live,592,quest_main,2.33,2.33,0,0,7,1,0.002,2_4_24,312,True,59.38885
631,chrome,windows,0,0,0.0.5,0,6,live,553,quest_main,3.14,3.14,0,0,7,1,0.002,2_4_24,312,True,85.40283333333333
632,chrome,windows,0,0,0.0.5,0,6,live,489,quest_main,3.25,3.25,0,0,7,1,0.002,2_4_24,312,True,86.66783333333333
633,chrome,macos,0,0,0.0.5,0,6,live,487,quest_main,3.66,3.66,0,0,7,1,0.002,2_4_24,312,False,83.807
634,chrome,windows,0,0,0.0.5,0,6,live,469,quest_main,3.31,3.31,0,0,7,1,0.002,2_4_24,312,False,43.99785
635,chrome,windows,0,0,0.0.5,0,6,live,470,quest_main,1.57,1.57,0,0,7,1,0.002,2_4_24,312,True,71.84613333333333
636,firefox,windows,0,0,0.0.5,0,6,live,792,quest_main,3.29,3.29,0,0,7,1,0.002,2_4_24,312,False,68.44706666666667
638,chrome,windows,0,0,0.0.5,0,6,live,577,quest_main,3.27,3.27,0,0,7,1,0.002,2_4_24,312,True,36.39228333333333
639,chrome,macos,0,0,0.0.5,0,6,live,650,quest_main,3.22,3.22,0,0,7,1,0.002,2_4_24,312,True,50.69515
640,chrome,windows,0,0,0.0.5,0,6,live,700,quest_main,0.63,0.63,0,0,7,1,0.002,2_4_24,312,False,35.2492
641,chrome,windows,0,0,0.0.5,0,6,live,791,quest_main,3.16,3.16,0,0,7,1,0.002,2_4_24,312,False,69.98391666666667
642,chrome,windows,0,0,0.0.5,0,6,live,533,quest_main,3.06,3.06,0,0,7,1,0.002,2_4_24,312,False,33.58683333333333
643,chrome,windows,0,0,0.0.5,0,6,live,485,quest_main,,,0,0,7,1,0.002,2_4_24,312,False,88.7429
644,chrome,windows,0,0,0.0.5,0,6,live,490,quest_main,3.36,3.36,0,0,7,1,0.002,2_4_24,312,True,43.4625
645,chrome,windows,0,0,0.0.5,0,6,live,471,quest_main,0.75,0.75,0,0,7,1,0.002,2_4_24,312,True,69.90413333333333
646,chrome,windows,0,0,0.0.5,0,6,live,593,quest_main,2.99,2.99,0,0,7,1,0.002,2_4_24,312,True,140.22471666666667
647,chrome,windows,0,0,0.0.5,0,6,live,534,quest_main,3.09,3.09,0,0,7,1,0.002,2_4_24,312,True,62.9013
648,chrome,macos,0,0,0.0.5,0,6,live,531,quest_main,2.83,2.83,0,0,7,1,0.002,2_4_24,312,False,55.53136666666666
651,chrome,windows,0,0,0.0.5,0,6,live,532,quest_main,3.35,3.35,0,0,7,1,0.002,2_4_24,312,False,46.20231666666667
652,chrome,windows,0,0,0.0.5,0,6,live,794,quest_main,3.18,3.18,0,0,7,1,0.002,2_4_24,312,False,49.453133333333334
654,chrome,windows,0,0,0.0.5,0,6,live,491,quest_main,2.65,2.65,0,0,7,1,0.002,2_4_24,312,False,62.1163
655,chrome,windows,0,0,0.0.5,0,6,live,723,quest_main,3.22,3.22,0,0,7,1,0.002,2_4_24,312,False,84.17743333333334
656,chrome,windows,0,0,0.0.5,0,6,live,596,quest_main,2.69,2.69,0,0,7,1,0.002,2_4_24,312,True,62.26766666666666
657,chrome,windows,0,0,0.0.5,0,2,live,597,quest_main,,,0,0,7,1,0.002,2_4_24,312,True,
658,firefox,windows,0,0,0.0.5,0,6,live,472,quest_main,3.31,3.31,0,0,7,1,0.002,2_4_24,312,True,65.1575
659,chrome,windows,0,0,0.0.5,0,6,live,678,quest_main,3.58,3.58,0,0,7,1,0.002,2_4_24,312,True,31.0335
660,chrome,windows,0,0,0.0.5,0,6,live,535,quest_main,3.45,3.45,0,0,7,1,0.002,2_4_24,312,False,42.90165
661,chrome,windows,0,0,0.0.5,0,6,live,702,quest_main,3.25,3.25,0,0,7,1,0.002,2_4_24,312,True,37.1705
662,chrome,windows,0,0,0.0.5,0,6,live,795,quest_main,3.41,3.41,0,0,7,1,0.002,2_4_24,312,True,105.48355
663,chrome,windows,0,0,0.0.5,0,6,live,701,quest_main,2.85,2.85,0,0,7,1,0.002,2_4_24,312,True,68.79605
664,chrome,linux,0,0,0.0.5,0,6,live,796,quest_main,3.2,3.2,0,0,7,1,0.002,2_4_24,312,True,72.36161666666666
665,chrome,windows,0,0,0.0.5,0,6,live,506,quest_main,2.49,2.49,0,0,7,1,0.002,2_4_24,312,False,55.10496666666667
666,chrome,macos,0,0,0.0.5,0,6,live,492,quest_main,3.02,3.02,0,0,7,1,0.002,2_4_24,312,True,45.15246666666667
667,chrome,windows,0,0,0.0.5,0,6,live,528,quest_main,3.47,3.47,0,0,7,1,0.002,2_4_24,312,True,132.75968333333333
668,chrome,windows,0,0,0.0.5,0,6,live,457,quest_main,0.87,0.87,0,0,7,1,0.002,2_4_24,312,False,110.3955
669,chrome,windows,0,0,0.0.5,0,6,live,651,quest_main,3.12,3.12,0,0,7,1,0.002,2_4_24,312,True,45.79325
670,chrome,windows,0,0,0.0.5,0,6,live,652,quest_main,3.25,3.25,0,0,7,1,0.002,2_4_24,312,True,77.3266
672,chrome,windows,0,0,0.0.5,0,6,live,598,quest_main,0.14,0.14,0,0,7,1,0.002,2_4_24,312,True,92.13031666666667
673,firefox,windows,0,0,0.0.5,0,6,live,626,quest_main,2.85,2.85,0,0,7,1,0.002,2_4_24,312,True,52.19786666666667
674,chrome,windows,0,0,0.0.5,0,6,live,797,quest_main,3.16,3.16,0,0,7,1,0.002,2_4_24,312,True,86.1316
675,chrome,windows,0,0,0.0.5,0,6,live,599,quest_main,1.85,1.85,0,0,7,1,0.002,2_4_24,312,False,85.91438333333333
677,chrome,windows,0,0,0.0.5,0,6,live,654,quest_main,3.05,3.05,0,0,7,1,0.002,2_4_24,312,False,62.230783333333335
678,chrome,windows,0,0,0.0.5,0,6,live,601,quest_main,,,0,0,7,1,0.002,2_4_24,312,True,
679,chrome,windows,0,0,0.0.5,0,6,live,627,quest_main,3.04,3.04,0,0,7,1,0.002,2_4_24,312,True,65.97418333333333
680,chrome,windows,0,0,0.0.5,0,6,live,679,quest_main,3.35,3.35,0,0,7,1,0.002,2_4_24,312,True,45.80628333333333
681,chrome,windows,0,0,0.0.5,0,6,live,879,quest_main,3.77,3.77,0,0,7,1,0.002,2_4_24,312,True,57.043733333333336
682,firefox,windows,0,0,0.0.5,0,6,live,798,quest_main,,,0,0,7,1,0.002,2_4_24,312,False,
683,chrome,windows,0,0,0.0.5,0,6,live,880,quest_main,3.16,3.16,0,0,7,1,0.002,2_4_24,312,False,41.46711666666667
684,chrome,windows,0,0,0.0.5,0,6,live,703,quest_main,3.09,3.09,0,0,7,1,0.002,2_4_24,312,True,67.44168333333333
685,chrome,windows,0,0,0.0.5,0,6,live,724,quest_main,2.83,2.83,0,0,7,1,0.002,2_4_24,312,False,30.64605
686,chrome,macos,0,0,0.0.5,0,6,live,800,quest_main,3.2,3.2,0,0,7,1,0.002,2_4_24,312,False,33.501216666666664
687,chrome,windows,0,0,0.0.5,0,6,live,799,quest_main,3.39,3.39,0,0,7,1,0.002,2_4_24,312,True,93.01016666666666
689,chrome,windows,0,0,0.0.5,0,6,live,603,quest_main,3.1,3.1,0,0,7,1,0.002,2_4_24,312,False,94.39088333333333
690,chrome,windows,0,0,0.0.5,0,6,live,680,quest_main,1.95,1.95,0,0,7,1,0.002,2_4_24,312,True,83.5232
691,chrome,windows,0,0,0.0.5,0,6,live,704,quest_main,3.25,3.25,0,0,7,1,0.002,2_4_24,312,False,64.1212
692,chrome,macos,0,0,0.0.5,0,6,live,628,quest_main,2.81,2.81,0,0,7,1,0.002,2_4_24,312,True,40.57183333333333
693,chrome,windows,0,0,0.0.5,0,6,live,604,quest_main,3.16,3.16,0,0,7,1,0.002,2_4_24,312,False,86.2164
694,chrome,macos,0,0,0.0.5,0,6,live,801,quest_main,3.41,3.41,0,0,7,1,0.002,2_4_24,312,False,39.38205
695,chrome,windows,0,0,0.0.5,0,6,live,802,quest_main,3.18,3.18,0,0,7,1,0.002,2_4_24,312,True,113.88278333333334
696,chrome,windows,0,0,0.0.5,0,6,live,629,quest_main,3.32,3.32,0,0,7,1,0.002,2_4_24,312,False,18.696883333333332
697,chrome,windows,0,0,0.0.5,0,6,live,656,quest_main,0.0,0.0,0,0,7,1,0.002,2_4_24,312,False,49.69045
699,chrome,windows,0,0,0.0.5,0,6,live,655,quest_main,2.41,2.41,0,0,7,1,0.002,2_4_24,312,False,68.85998333333333
700,chrome,windows,0,0,0.0.5,0,6,live,606,quest_main,3.51,3.51,0,0,7,1,0.002,2_4_24,312,False,89.93688333333333
701,chrome,windows,0,0,0.0.5,0,6,live,657,quest_main,3.31,3.31,0,0,7,1,0.002,2_4_24,312,False,47.578116666666666
702,chrome,windows,0,0,0.0.5,0,2,live,682,quest_main,,,0,0,7,1,0.002,2_4_24,312,True,
703,firefox,windows,0,0,0.0.5,0,6,live,683,quest_main,2.97,2.97,0,0,7,1,0.002,2_4_24,312,False,61.10836666666667
704,opera,windows,0,0,0.0.5,0,6,live,681,quest_main,3.04,3.04,0,0,7,1,0.002,2_4_24,312,False,37.86515
705,firefox,windows,0,0,0.0.5,0,1,live,761,quest_main,,,0,0,7,1,0.002,2_4_24,312,True,
706,chrome,windows,0,0,0.0.5,0,6,live,882,quest_main,3.2,3.2,0,0,7,1,0.002,2_4_24,312,False,40.0027
707,chrome,macos,0,0,0.0.5,0,6,live,725,quest_main,3.52,3.52,0,0,7,1,0.002,2_4_24,312,False,68.94283333333334
708,chrome,windows,0,0,0.0.5,0,6,live,803,quest_main,3.32,3.32,0,0,7,1,0.002,2_4_24,312,True,88.20423333333333
709,chrome,windows,0,0,0.0.5,0,6,live,881,quest_main,3.38,3.38,0,0,7,1,0.002,2_4_24,312,False,133.56828333333334
710,chrome,windows,0,0,0.0.5,0,6,live,607,quest_main,0.92,0.92,0,0,7,1,0.002,2_4_24,312,True,90.50703333333334
712,firefox,windows,0,0,0.0.5,0,6,live,608,quest_main,3.36,3.36,0,0,7,1,0.002,2_4_24,312,False,60.78313333333333
714,chrome,macos,0,0,0.0.5,0,6,live,630,quest_main,3.36,3.36,0,0,7,1,0.002,2_4_24,312,True,48.54175
716,chrome,windows,0,0,0.0.5,0,6,live,726,quest_main,3.44,3.44,0,0,7,1,0.002,2_4_24,312,False,41.58368333333333
717,chrome,windows,0,0,0.0.5,0,6,live,805,quest_main,3.24,3.24,0,0,7,1,0.002,2_4_24,312,True,68.10751666666667
718,chrome,macos,0,0,0.0.5,0,6,live,808,quest_main,3.28,3.28,0,0,7,1,0.002,2_4_24,312,False,48.66523333333333
719,chrome,windows,0,0,0.0.5,0,6,live,728,quest_main,2.74,2.74,0,0,7,1,0.002,2_4_24,312,False,78.23056666666666
721,chrome,windows,0,0,0.0.5,0,6,live,705,quest_main,0.13,0.13,0,0,7,1,0.002,2_4_24,312,True,78.7187
723,chrome,windows,0,0,0.0.5,0,6,live,631,quest_main,3.23,3.23,0,0,7,1,0.002,2_4_24,312,True,35.726933333333335
725,chrome,chromeos,0,0,0.0.5,0,6,live,706,quest_main,2.8,2.8,0,0,7,1,0.002,2_4_24,312,True,45.83636666666666
727,chrome,windows,0,0,0.0.5,0,6,live,809,quest_main,1.87,1.87,0,0,7,1,0.002,2_4_24,312,True,65.11545
728,chrome,windows,0,0,0.0.5,0,6,live,632,quest_main,3.09,3.09,0,0,7,1,0.002,2_4_24,312,True,43.60735
729,chrome,windows,0,0,0.0.5,0,6,live,659,quest_main,3.54,3.54,0,0,7,1,0.002,2_4_24,312,False,74.58258333333333
730,chrome,windows,0,0,0.0.5,0,6,live,810,quest_main,3.28,3.28,0,0,7,1,0.002,2_4_24,312,False,42.87865
732,chrome,windows,0,0,0.0.5,0,6,live,633,quest_main,,,0,0,7,1,0.002,2_4_24,312,True,40.8572
733,safari,macos,0,0,0.0.5,0,6,live,729,quest_main,3.31,3.31,0,0,7,1,0.002,2_4_24,312,True,48.3472
735,chrome,windows,0,0,0.0.5,0,6,live,730,quest_main,3.28,3.28,0,0,7,1,0.002,2_4_24,312,False,48.535866666666664
736,chrome,windows,0,0,0.0.5,0,6,live,731,quest_main,3.67,3.67,0,0,7,1,0.002,2_4_24,312,False,61.48778333333333
737,chrome,windows,0,0,0.0.5,0,6,live,811,quest_main,3.11,3.11,0,0,7,1,0.002,2_4_24,312,True,77.58603333333333
738,chrome,windows,0,0,0.0.5,0,6,live,916,quest_main,3.18,3.18,0,0,7,1,0.002,2_4_24,312,False,46.18866666666667
739,chrome,windows,0,0,0.0.5,0,6,live,635,quest_main,1.52,1.52,0,0,7,1,0.002,2_4_24,312,False,111.096
740,chrome,windows,0,0,0.0.5,0,6,live,684,quest_main,3.17,3.17,0,0,7,1,0.002,2_4_24,312,True,83.08446666666667
741,chrome,macos,0,0,0.0.5,0,6,live,634,quest_main,3.16,3.16,0,0,7,1,0.002,2_4_24,312,False,55.201483333333336
742,chrome,windows,0,0,0.0.5,0,6,live,812,quest_main,3.21,3.21,0,0,7,1,0.002,2_4_24,312,True,50.015166666666666
743,chrome,windows,0,0,0.0.5,0,6,live,732,quest_main,2.89,2.89,0,0,7,1,0.002,2_4_24,312,True,64.07118333333334
744,chrome,macos,0,0,0.0.5,0,6,live,813,quest_main,,,0,0,7,1,0.002,2_4_24,312,False,129.90281666666667
745,chrome,macos,0,0,0.0.5,0,6,live,685,quest_main,2.81,2.81,0,0,7,1,0.002,2_4_24,312,True,88.30386666666666
746,chrome,windows,0,0,0.0.5,0,6,live,660,quest_main,3.0,3.0,0,0,7,1,0.002,2_4_24,312,False,137.0381
747,chrome,windows,0,0,0.0.5,0,6,live,910,quest_main,1.96,1.96,0,0,7,1,0.002,2_4_24,312,False,78.17651666666667
748,chrome,macos,0,0,0.0.5,0,6,live,733,quest_main,3.63,3.63,0,0,7,1,0.002,2_4_24,312,False,61.07366666666667
749,opera,windows,0,0,0.0.5,0,6,live,814,quest_main,0.44,0.44,0,0,7,1,0.002,2_4_24,312,True,100.4395
750,chrome,windows,0,0,0.0.5,0,6,live,734,quest_main,3.31,3.31,0,0,7,1,0.002,2_4_24,312,True,65.95703333333333
751,chrome,windows,0,0,0.0.5,0,6,live,636,quest_main,1.97,1.97,0,0,7,1,0.002,2_4_24,312,True,64.19056666666667
752,chrome,windows,0,0,0.0.5,0,6,live,661,quest_main,2.04,2.04,0,0,7,1,0.002,2_4_24,312,False,70.07225
753,opera,windows,0,0,0.0.5,0,6,live,815,quest_main,2.95,2.95,0,0,7,1,0.002,2_4_24,312,True,64.96908333333333
754,chrome,windows,0,0,0.0.5,0,6,live,686,quest_main,3.4,3.4,0,0,7,1,0.002,2_4_24,312,False,88.23446666666666
755,chrome,windows,0,0,0.0.5,0,6,live,816,quest_main,3.44,3.44,0,0,7,1,0.002,2_4_24,312,False,64.6427
756,chrome,windows,0,0,0.0.5,0,6,live,817,quest_main,0.98,0.98,0,0,7,1,0.002,2_4_24,312,True,76.08298333333333
757,chrome,windows,0,0,0.0.5,0,6,live,884,quest_main,3.34,3.34,0,0,7,1,0.002,2_4_24,312,False,89.10258333333333
758,chrome,windows,0,0,0.0.5,0,6,live,737,quest_main,,,0,0,7,1,0.002,2_4_24,312,False,46.34458333333333
759,chrome,windows,0,0,0.0.5,0,6,live,662,quest_main,3.02,3.02,0,0,7,1,0.002,2_4_24,312,False,84.7818
760,chrome,windows,0,0,0.0.5,0,6,live,883,quest_main,3.06,3.06,0,0,7,1,0.002,2_4_24,312,True,83.94666666666667
761,chrome,macos,0,0,0.0.5,0,6,live,736,quest_main,3.27,3.27,0,0,7,1,0.002,2_4_24,312,True,100.67773333333334
762,firefox,windows,0,0,0.0.5,0,6,live,735,quest_main,3.32,3.32,0,0,7,1,0.002,2_4_24,312,True,88.06688333333334
763,firefox,windows,0,0,0.0.5,0,6,live,638,quest_main,2.73,2.73,0,0,7,1,0.002,2_4_24,312,False,66.201
764,chrome,windows,0,0,0.0.5,0,6,live,663,quest_main,3.24,3.24,0,0,7,1,0.002,2_4_24,312,True,40.63248333333333
765,chrome,windows,0,0,0.0.5,0,6,live,709,quest_main,3.38,3.38,0,0,7,1,0.002,2_4_24,312,False,75.10455
766,chrome,macos,0,0,0.0.5,0,6,live,637,quest_main,3.2,3.2,0,0,7,1,0.002,2_4_24,312,False,49.38806666666667
767,chrome,windows,0,0,0.0.5,0,6,live,687,quest_main,3.65,3.65,0,0,7,1,0.002,2_4_24,312,True,74.7587
768,chrome,windows,0,0,0.0.5,0,6,live,819,quest_main,2.83,2.83,0,0,7,1,0.002,2_4_24,312,False,69.59043333333334
769,chrome,windows,0,0,0.0.5,0,6,live,818,quest_main,3.57,3.57,0,0,7,1,0.002,2_4_24,312,True,54.6321
770,chrome,windows,0,0,0.0.5,0,6,live,820,quest_main,3.1,3.1,0,0,7,1,0.002,2_4_24,312,True,59.51375
771,chrome,windows,0,0,0.0.5,0,6,live,639,quest_main,3.18,3.18,0,0,7,1,0.002,2_4_24,312,False,49.97188333333333
772,chrome,macos,0,0,0.0.5,0,6,live,911,quest_main,3.26,3.26,0,0,7,1,0.002,2_4_24,312,True,52.71038333333333
773,chrome,windows,0,0,0.0.5,0,2,live,885,quest_main,,,0,0,7,1,0.002,2_4_24,312,False,
774,chrome,windows,0,0,0.0.5,0,6,live,821,quest_main,3.3,3.3,0,0,7,1,0.002,2_4_24,312,False,45.82176666666667
775,chrome,windows,0,0,0.0.5,0,6,live,738,quest_main,3.33,3.33,0,0,7,1,0.002,2_4_24,312,False,69.14428333333333
776,chrome,windows,0,0,0.0.5,0,6,live,822,quest_main,2.94,2.94,0,0,7,1,0.002,2_4_24,312,True,47.54705
778,chrome,windows,0,0,0.0.5,0,6,live,779,quest_main,2.89,2.89,0,0,7,1,0.002,2_4_24,312,True,162.43775
779,chrome,windows,0,0,0.0.5,0,6,live,824,quest_main,3.21,3.21,0,0,7,1,0.002,2_4_24,312,True,71.12546666666667
780,chrome,chromeos,0,0,0.0.5,0,6,live,886,quest_main,3.35,3.35,0,0,7,1,0.002,2_4_24,312,False,64.74633333333334
781,chrome,windows,0,0,0.0.5,0,6,live,917,quest_main,3.27,3.27,0,0,7,1,0.002,2_4_24,312,True,96.86961666666667
782,firefox,windows,0,0,0.0.5,0,6,live,739,quest_main,3.01,3.01,0,0,7,1,0.002,2_4_24,312,True,59.84531666666667
783,opera,windows,0,0,0.0.5,0,6,live,825,quest_main,3.45,3.45,0,0,7,1,0.002,2_4_24,312,True,53.85038333333333
784,firefox,windows,0,0,0.0.5,0,6,live,740,quest_main,2.3,2.3,0,0,7,1,0.002,2_4_24,312,False,39.23276666666667
785,chrome,windows,0,0,0.0.5,0,6,live,871,quest_main,3.01,3.01,0,0,7,1,0.002,2_4_24,312,False,89.39808333333333
786,chrome,macos,0,0,0.0.5,0,6,live,905,quest_main,3.16,3.16,0,0,7,1,0.002,2_4_24,312,True,57.686683333333335
787,chrome,windows,0,0,0.0.5,0,6,live,741,quest_main,2.91,2.91,0,0,7,1,0.002,2_4_24,312,True,31.689983333333334
788,chrome,windows,0,0,0.0.5,0,6,live,827,quest_main,3.38,3.38,0,0,7,1,0.002,2_4_24,312,True,94.50941666666667
789,chrome,windows,0,0,0.0.5,0,6,live,826,quest_main,3.33,3.33,0,0,7,1,0.002,2_4_24,312,True,86.72475
790,chrome,windows,0,0,0.0.5,0,6,live,742,quest_main,3.29,3.29,0,0,7,1,0.002,2_4_24,312,True,50.4482
791,chrome,windows,0,0,0.0.5,0,6,live,744,quest_main,2.68,2.68,0,0,7,1,0.002,2_4_24,312,False,63.85678333333333
792,chrome,macos,0,0,0.0.5,0,6,live,830,quest_main,3.7,3.7,0,0,7,1,0.002,2_4_24,312,False,34.744083333333336
794,chrome,windows,0,0,0.0.5,0,6,live,829,quest_main,1.83,1.83,0,0,7,1,0.002,2_4_24,312,False,55.56471666666667
795,chrome,windows,0,0,0.0.5,0,6,live,743,quest_main,3.34,3.34,0,0,7,1,0.002,2_4_24,312,False,98.9592
796,chrome,macos,0,0,0.0.5,0,6,live,909,quest_main,3.49,3.49,0,0,7,1,0.002,2_4_24,312,True,49.5235
797,chrome,windows,0,0,0.0.5,0,6,live,745,quest_main,3.22,3.22,0,0,7,1,0.002,2_4_24,312,True,59.940866666666665
798,safari,macos,0,0,0.0.5,0,6,live,831,quest_main,2.2,2.2,0,0,7,1,0.002,2_4_24,312,True,122.75646666666667
799,chrome,windows,0,0,0.0.5,0,6,live,832,quest_main,3.22,3.22,0,0,7,1,0.002,2_4_24,312,False,51.16328333333333
800,chrome,windows,0,0,0.0.5,0,6,live,746,quest_main,3.19,3.19,0,0,7,1,0.002,2_4_24,312,False,64.27841666666667
801,chrome,windows,0,0,0.0.5,0,6,live,834,quest_main,3.01,3.01,0,0,7,1,0.002,2_4_24,312,False,117.6545
802,firefox,windows,0,0,0.0.5,0,6,live,836,quest_main,3.6,3.6,0,0,7,1,0.002,2_4_24,312,True,47.52186666666667
803,chrome,windows,0,0,0.0.5,0,6,live,833,quest_main,3.06,3.06,0,0,7,1,0.002,2_4_24,312,False,66.09575
804,firefox,windows,0,0,0.0.5,0,6,live,747,quest_main,3.39,3.39,0,0,7,1,0.002,2_4_24,312,True,87.33798333333333
805,chrome,windows,0,0,0.0.5,0,6,live,835,quest_main,3.38,3.38,0,0,7,1,0.002,2_4_24,312,True,49.6629
806,chrome,windows,0,0,0.0.5,0,6,live,837,quest_main,3.31,3.31,0,0,7,1,0.002,2_4_24,312,True,82.16031666666667
807,chrome,linux,0,0,0.0.5,0,6,live,872,quest_main,2.96,2.96,0,0,7,1,0.002,2_4_24,312,True,67.69866666666667
808,chrome,windows,0,0,0.0.5,0,6,live,748,quest_main,2.57,2.57,0,0,7,1,0.002,2_4_24,312,True,34.45381666666667
809,chrome,windows,0,0,0.0.5,0,6,live,838,quest_main,3.22,3.22,0,0,7,1,0.002,2_4_24,312,True,59.64138333333333
810,chrome,macos,0,0,0.0.5,0,6,live,749,quest_main,3.31,3.31,0,0,7,1,0.002,2_4_24,312,False,87.67351666666667
811,chrome,windows,0,0,0.0.5,0,6,live,750,quest_main,3.45,3.45,0,0,7,1,0.002,2_4_24,312,False,60.05365
812,chrome,windows,0,0,0.0.5,0,6,live,887,quest_main,3.62,3.62,0,0,7,1,0.002,2_4_24,312,True,86.76566666666666
813,chrome,windows,0,0,0.0.5,0,6,live,751,quest_main,3.34,3.34,0,0,7,1,0.002,2_4_24,312,True,73.52255
815,chrome,windows,0,0,0.0.5,0,6,live,908,quest_main,3.29,3.29,0,0,7,1,0.002,2_4_24,312,False,46.3085
816,opera,windows,0,0,0.0.5,0,6,live,841,quest_main,3.06,3.06,0,0,7,1,0.002,2_4_24,312,False,48.44385
817,chrome,windows,0,0,0.0.5,0,6,live,842,quest_main,3.16,3.16,0,0,7,1,0.002,2_4_24,312,False,34.456716666666665
818,chrome,windows,0,0,0.0.5,0,6,live,840,quest_main,2.61,2.61,0,0,7,1,0.002,2_4_24,312,False,131.53276666666667
821,chrome,windows,0,0,0.0.5,0,2,live,752,quest_main,1.6,1.6,0,0,7,1,0.002,2_4_24,312,True,64.3159
822,safari,macos,0,0,0.0.5,0,6,live,844,quest_main,3.19,3.19,0,0,7,1,0.002,2_4_24,312,True,37.10638333333333
823,opera,windows,0,0,0.0.5,0,6,live,918,quest_main,3.31,3.31,0,0,7,1,0.002,2_4_24,312,False,51.901183333333336
824,chrome,windows,0,0,0.0.5,0,6,live,845,quest_main,3.15,3.15,0,0,7,1,0.002,2_4_24,312,True,61.1815
825,opera,windows,0,0,0.0.5,0,6,live,888,quest_main,2.87,2.87,0,0,7,1,0.002,2_4_24,312,False,36.4253
826,opera,windows,0,0,0.0.5,0,6,live,846,quest_main,2.46,2.46,0,0,7,1,0.002,2_4_24,312,False,47.608
827,chrome,windows,0,0,0.0.5,0,6,live,847,quest_main,3.29,3.29,0,0,7,1,0.002,2_4_24,312,False,71.03676666666667
828,chrome,windows,0,0,0.0.5,0,6,live,848,quest_main,3.22,3.22,0,0,7,1,0.002,2_4_24,312,False,55.575783333333334
829,chrome,windows,0,0,0.0.5,0,6,live,854,quest_main,3.37,3.37,0,0,7,1,0.002,2_4_24,312,True,95.04626666666667
830,opera,windows,0,0,0.0.5,0,6,live,849,quest_main,,,0,0,7,1,0.002,2_4_24,312,True,
832,chrome,windows,0,0,0.0.5,0,6,live,851,quest_main,3.34,3.34,0,0,7,1,0.002,2_4_24,312,True,53.55665
833,chrome,windows,0,0,0.0.5,0,6,live,852,quest_main,3.13,3.13,0,0,7,1,0.002,2_4_24,312,False,74.89911666666667
835,chrome,windows,0,0,0.0.5,0,6,live,853,quest_main,3.5,3.5,0,0,7,1,0.002,2_4_24,312,True,33.34288333333333
836,chrome,windows,0,0,0.0.5,0,6,live,890,quest_main,3.44,3.44,0,0,7,1,0.002,2_4_24,312,True,61.0117
837,chrome,windows,0,0,0.0.5,0,6,live,891,quest_main,2.86,2.86,0,0,7,1,0.002,2_4_24,312,True,109.10835
838,firefox,windows,0,0,0.0.5,0,6,live,907,quest_main,0.66,0.66,0,0,7,1,0.002,2_4_24,312,False,58.459916666666665
839,opera,windows,0,0,0.0.5,0,6,live,856,quest_main,3.47,3.47,0,0,7,1,0.002,2_4_24,312,True,62.30616666666667
840,chrome,windows,0,0,0.0.5,0,6,live,857,quest_main,1.49,1.49,0,0,7,1,0.002,2_4_24,312,True,65.13651666666667
841,chrome,windows,0,0,0.0.5,0,6,live,855,quest_main,2.9,2.9,0,0,7,1,0.002,2_4_24,312,False,71.2795
843,chrome,windows,0,0,0.0.5,0,6,live,892,quest_main,3.08,3.08,0,0,7,1,0.002,2_4_24,312,False,83.94716666666666
844,chrome,windows,0,0,0.0.5,0,6,live,893,quest_main,3.43,3.43,0,0,7,1,0.002,2_4_24,312,True,64.9191
845,chrome,windows,0,0,0.0.5,0,6,live,859,quest_main,,,0,0,7,1,0.002,2_4_24,312,False,65.08548333333333
846,chrome,windows,0,0,0.0.5,0,6,live,860,quest_main,3.27,3.27,0,0,7,1,0.002,2_4_24,312,True,68.16276666666667
847,chrome,macos,0,0,0.0.5,0,6,live,919,quest_main,3.38,3.38,0,0,7,1,0.002,2_4_24,312,False,88.01425
848,chrome,windows,0,0,0.0.5,0,6,live,862,quest_main,1.6,1.6,0,0,7,1,0.002,2_4_24,312,True,76.6211
849,chrome,windows,0,0,0.0.5,0,6,live,861,quest_main,3.17,3.17,0,0,7,1,0.002,2_4_24,312,True,89.47851666666666
850,chrome,linux,0,0,0.0.5,0,6,live,906,quest_main,3.36,3.36,0,0,7,1,0.002,2_4_24,312,False,73.34628333333333
851,chrome,windows,0,0,0.0.5,0,6,live,865,quest_main,3.17,3.17,0,0,7,1,0.002,2_4_24,312,True,75.20648333333334
852,chrome,windows,0,0,0.0.5,0,6,live,863,quest_main,3.02,3.02,0,0,7,1,0.002,2_4_24,312,False,55.51466666666666
853,firefox,windows,0,0,0.0.5,0,6,live,864,quest_main,3.21,3.21,0,0,7,1,0.002,2_4_24,312,True,55.68066666666667
854,chrome,windows,0,0,0.0.5,0,6,live,894,quest_main,2.82,2.82,0,0,7,1,0.002,2_4_24,312,False,48.08428333333333
855,chrome,macos,0,0,0.0.5,0,6,live,866,quest_main,3.48,3.48,0,0,7,1,0.002,2_4_24,312,True,45.4473
856,chrome,macos,0,0,0.0.5,0,6,live,895,quest_main,3.56,3.56,0,0,7,1,0.002,2_4_24,312,False,53.79846666666667
857,chrome,macos,0,0,0.0.5,0,6,live,920,quest_main,3.47,3.47,0,0,7,1,0.002,2_4_24,312,False,80.0208
859,chrome,windows,0,0,0.0.5,0,6,live,896,quest_main,3.25,3.25,0,0,7,1,0.002,2_4_24,312,False,121.74733333333333
860,opera,windows,0,0,0.0.5,0,6,live,868,quest_main,2.98,2.98,0,0,7,1,0.002,2_4_24,312,True,63.095683333333334
861,chrome,windows,0,0,0.0.5,0,6,live,869,quest_main,3.37,3.37,0,0,7,1,0.002,2_4_24,312,False,70.83446666666667
862,chrome,windows,0,0,0.0.5,0,6,live,870,quest_main,3.15,3.15,0,0,7,1,0.002,2_4_24,312,False,46.98421666666667
863,chrome,windows,0,0,0.0.5,0,6,live,904,quest_main,0.27,0.27,0,0,7,1,0.002,2_4_24,312,False,60.571533333333335
864,chrome,windows,0,0,0.0.5,0,6,live,897,quest_main,3.09,3.09,0,0,7,1,0.002,2_4_24,312,False,32.902816666666666
865,firefox,macos,0,0,0.0.5,0,2,live,903,quest_main,,,0,0,7,1,0.002,2_4_24,312,True,
867,chrome,windows,0,0,0.0.5,0,6,live,921,quest_main,2.82,2.82,0,0,7,1,0.002,2_4_24,312,True,95.304
