,pid,run,mouselab-quiz-post_Q0,mouselab-quiz-post_Q1,mouselab-quiz-post_Q2,mouselab-quiz-post_Q3,mouselab-quiz-post_Q4,mouselab-quiz-pre_Q0,mouselab-quiz-pre_Q1,mouselab-quiz-pre_Q2,mouselab-quiz-pre_Q3,passed_quizzes,age,colorblind,effort,gender,female,male,other,browser,platform,language,cond,counterbalance,codeversion,beginhit,beginexp,endhit,bonus,status,mode,final_bonus,displayed_bonus,CODE,DEPTH,COST,MIN_TIME,inspectCost,startTime,bonusRate,variance,branching,first_trial,colors,color_names,time_diff
0,273,2PartPilot1Part1,1.0,1.0,1.0,1.0,2.0,1.0,1.0,1.0,1.0,1,29,0,0,male,0.0,1.0,0.0,chrome,macos,UNKNOWN,0,0,irlexp7_part1,2020-11-24,2020-11-24,2020-11-24,0.0,3,debug,2.9,4.4,hedgehog,0,1,7,1,2020-11-24,0.002,2_4_24,312,True,"['#1b9e77', '#d95f02', '#7570b3']","['Green', 'Orange', 'Purple']",35.88333333333333
1,274,2PartPilot1Part1,0.0,0.0,1.0,1.0,2.0,1.0,1.0,1.0,1.0,1,30,0,0,male,0.0,1.0,0.0,chrome,windows,UNKNOWN,1,0,irlexp7_part1,2020-11-24,2020-11-24,2020-11-24,0.0,3,debug,3.31,4.81,bighorn,0,1,7,1,2020-11-24,0.002,2_4_24,312,True,"['#1b9e77', '#d95f02', '#7570b3']","['Green', 'Orange', 'Purple']",31.016666666666666
2,275,2PartPilot1Part1,1.0,1.0,1.0,1.0,1.0,1.0,1.0,1.0,1.0,1,29,0,0,male,0.0,1.0,0.0,chrome,windows,UNKNOWN,2,0,irlexp7_part1,2020-11-24,2020-11-24,2020-11-24,0.0,3,debug,2.96,4.46,chinchilla,0,1,7,1,2020-11-24,0.002,2_4_24,312,True,"['#1b9e77', '#d95f02', '#7570b3']","['Green', 'Orange', 'Purple']",51.8
3,276,2PartPilot1Part1,1.0,1.0,1.0,1.0,2.0,1.0,1.0,1.0,1.0,1,27,0,0,male,0.0,1.0,0.0,chrome,windows,UNKNOWN,4,0,irlexp7_part1,2020-11-24,2020-11-24,2020-11-24,0.0,3,debug,3.05,4.55,guanaco,0,1,7,1,2020-11-24,0.002,2_4_24,312,True,"['#1b9e77', '#d95f02', '#7570b3']","['Green', 'Orange', 'Purple']",22.533333333333335
4,277,2PartPilot1Part1,1.0,1.0,1.0,1.0,2.0,1.0,1.0,1.0,1.0,1,36,0,0,female,1.0,0.0,0.0,chrome,windows,UNKNOWN,5,0,irlexp7_part1,2020-11-25,2020-11-25,2020-11-25,0.0,3,debug,3.16,4.66,walrus,0,1,7,1,2020-11-25,0.002,2_4_24,312,True,"['#1b9e77', '#d95f02', '#7570b3']","['Green', 'Orange', 'Purple']",2.0833333333333335
5,278,2PartPilot1Part1,1.0,1.0,1.0,1.0,2.0,1.0,1.0,1.0,1.0,1,28,0,0,female,1.0,0.0,0.0,chrome,windows,UNKNOWN,6,0,irlexp7_part1,2020-11-25,2020-11-25,2020-11-25,0.0,3,debug,3.5,5.0,dromedary,0,1,7,1,2020-11-24,0.002,2_4_24,312,True,"['#1b9e77', '#d95f02', '#7570b3']","['Green', 'Orange', 'Purple']",35.05
6,279,2PartPilot1Part1,1.0,1.0,1.0,1.0,1.0,1.0,1.0,1.0,1.0,1,26,0,0,male,0.0,1.0,0.0,chrome,windows,UNKNOWN,7,0,irlexp7_part1,2020-11-24,2020-11-24,2020-11-24,0.0,3,debug,2.74,4.24,aoudad,0,1,7,1,2020-11-24,0.002,2_4_24,312,True,"['#1b9e77', '#d95f02', '#7570b3']","['Green', 'Orange', 'Purple']",37.28333333333333
7,280,2PartPilot1Part1,1.0,1.0,1.0,1.0,2.0,1.0,1.0,1.0,1.0,1,26,0,0,female,1.0,0.0,0.0,chrome,macos,UNKNOWN,9,0,irlexp7_part1,2020-11-25,2020-11-25,2020-11-25,0.0,3,debug,3.36,4.86,rooster,0,1,7,1,2020-11-25,0.002,2_4_24,312,False,"['#1b9e77', '#d95f02', '#7570b3']","['Green', 'Orange', 'Purple']",30.55
10,593,2PartPilot3Part1,1.0,1.0,1.0,1.0,2.0,1.0,1.0,1.0,1.0,1,54,0,0,male,0.0,1.0,0.0,chrome,chromeos,UNKNOWN,0,0,irlexp7_2_part1,2020-12-15,2020-12-15,2020-12-15,0.0,3,debug,2.36,3.36,hedgehog,0,1,7,1,2020-12-15,0.002,2_4_24,312,True,"['#1b9e77', '#d95f02', '#7570b3']","['Green', 'Orange', 'Purple']",38.016666666666666
11,594,2PartPilot3Part1,1.0,1.0,1.0,1.0,2.0,1.0,1.0,1.0,1.0,1,48,0,0,female,1.0,0.0,0.0,chrome,macos,UNKNOWN,0,0,irlexp7_2_part1,2020-12-14,2020-12-14,2020-12-14,0.0,3,debug,0.53,1.53,hedgehog,0,1,7,1,2020-12-14,0.002,2_4_24,312,False,"['#1b9e77', '#d95f02', '#7570b3']","['Green', 'Orange', 'Purple']",26.333333333333332
12,595,2PartPilot3Part1,1.0,1.0,1.0,1.0,2.0,1.0,1.0,1.0,1.0,1,67,0,0,male,0.0,1.0,0.0,firefox,windows,UNKNOWN,0,0,irlexp7_2_part1,2020-12-13,2020-12-13,2020-12-13,0.0,3,debug,2.33,3.33,hedgehog,0,1,7,1,2020-12-13,0.002,2_4_24,312,False,"['#1b9e77', '#d95f02', '#7570b3']","['Green', 'Orange', 'Purple']",38.03333333333333
13,596,2PartPilot3Part1,0.0,0.0,1.0,1.0,1.0,1.0,1.0,1.0,1.0,1,26,0,0,female,1.0,0.0,0.0,chrome,windows,UNKNOWN,0,0,irlexp7_2_part1,2020-12-12,2020-12-12,2020-12-12,0.0,3,debug,2.46,3.46,hedgehog,0,1,7,1,2020-12-12,0.002,2_4_24,312,False,"['#1b9e77', '#d95f02', '#7570b3']","['Green', 'Orange', 'Purple']",28.15
14,597,2PartPilot3Part1,1.0,1.0,1.0,1.0,2.0,1.0,1.0,1.0,1.0,1,35,0,0,female,1.0,0.0,0.0,chrome,macos,UNKNOWN,0,0,irlexp7_2_part1,2020-12-12,2020-12-12,2020-12-12,0.0,3,debug,2.02,3.02,hedgehog,0,1,7,1,2020-12-12,0.002,2_4_24,312,False,"['#1b9e77', '#d95f02', '#7570b3']","['Green', 'Orange', 'Purple']",32.35
15,598,2PartPilot3Part1,1.0,0.0,1.0,1.0,2.0,1.0,1.0,1.0,1.0,1,38,0,0,male,0.0,1.0,0.0,chrome,windows,UNKNOWN,0,0,irlexp7_2_part1,2020-12-11,2020-12-11,2020-12-11,0.0,3,debug,0.0,1.0,hedgehog,0,1,7,1,2020-12-11,0.002,2_4_24,312,True,"['#1b9e77', '#d95f02', '#7570b3']","['Green', 'Orange', 'Purple']",42.13333333333333
16,599,2PartPilot3Part1,1.0,1.0,1.0,1.0,-1.0,1.0,1.0,1.0,1.0,1,24,0,0,male,0.0,1.0,0.0,chrome,macos,UNKNOWN,0,0,irlexp7_2_part1,2020-12-11,2020-12-11,2020-12-11,0.0,3,debug,2.27,3.27,hedgehog,0,1,7,1,2020-12-11,0.002,2_4_24,312,False,"['#1b9e77', '#d95f02', '#7570b3']","['Green', 'Orange', 'Purple']",24.833333333333332
17,600,2PartPilot3Part1,1.0,1.0,1.0,1.0,2.0,1.0,1.0,1.0,1.0,1,39,0,0,female,1.0,0.0,0.0,firefox,macos,UNKNOWN,0,0,irlexp7_2_part1,2020-12-10,2020-12-10,2020-12-10,0.0,3,debug,2.2,3.2,hedgehog,0,1,7,1,2020-12-10,0.002,2_4_24,312,True,"['#1b9e77', '#d95f02', '#7570b3']","['Green', 'Orange', 'Purple']",24.483333333333334
18,601,2PartPilot3Part1,1.0,1.0,1.0,1.0,2.0,1.0,1.0,1.0,1.0,1,30,0,0,male,0.0,1.0,0.0,chrome,windows,UNKNOWN,0,0,irlexp7_2_part1,2020-12-10,2020-12-10,2020-12-10,0.0,3,debug,2.32,3.32,hedgehog,0,1,7,1,2020-12-10,0.002,2_4_24,312,True,"['#1b9e77', '#d95f02', '#7570b3']","['Green', 'Orange', 'Purple']",36.233333333333334
19,602,2PartPilot3Part1,1.0,1.0,1.0,1.0,2.0,1.0,1.0,1.0,1.0,1,38,0,0,female,1.0,0.0,0.0,chrome,windows,UNKNOWN,0,0,irlexp7_2_part1,2020-12-10,2020-12-10,2020-12-10,0.0,3,debug,2.05,3.05,hedgehog,0,1,7,1,2020-12-10,0.002,2_4_24,312,True,"['#1b9e77', '#d95f02', '#7570b3']","['Green', 'Orange', 'Purple']",25.55
20,603,2PartPilot3Part1,1.0,1.0,1.0,1.0,2.0,1.0,1.0,1.0,1.0,1,27,0,0,female,1.0,0.0,0.0,chrome,windows,UNKNOWN,0,0,irlexp7_2_part1,2020-12-09,2020-12-09,2020-12-09,0.0,3,debug,2.15,3.15,hedgehog,0,1,7,1,2020-12-09,0.002,2_4_24,312,True,"['#1b9e77', '#d95f02', '#7570b3']","['Green', 'Orange', 'Purple']",24.516666666666666
21,604,2PartPilot3Part1,1.0,1.0,1.0,1.0,2.0,1.0,1.0,1.0,1.0,1,29,0,0,female,1.0,0.0,0.0,chrome,windows,UNKNOWN,0,0,irlexp7_2_part1,2020-12-09,2020-12-09,2020-12-09,0.0,3,debug,,,hedgehog,0,1,7,1,2020-12-09,0.002,2_4_24,312,True,"['#1b9e77', '#d95f02', '#7570b3']","['Green', 'Orange', 'Purple']",37.916666666666664
22,605,2PartPilot3Part1,1.0,1.0,1.0,1.0,2.0,1.0,1.0,1.0,1.0,1,21,0,0,male,0.0,1.0,0.0,chrome,windows,UNKNOWN,0,0,irlexp7_2_part1,2020-12-09,2020-12-09,2020-12-09,0.0,3,debug,2.31,3.31,hedgehog,0,1,7,1,2020-12-08,0.002,2_4_24,312,False,"['#1b9e77', '#d95f02', '#7570b3']","['Green', 'Orange', 'Purple']",27.2
23,606,2PartPilot3Part1,1.0,1.0,1.0,1.0,2.0,1.0,1.0,1.0,1.0,1,58,0,0,female,1.0,0.0,0.0,chrome,windows,UNKNOWN,0,0,irlexp7_2_part1,2020-12-08,2020-12-08,2020-12-08,0.0,3,debug,0.43,1.43,hedgehog,0,1,7,1,2020-12-08,0.002,2_4_24,312,True,"['#1b9e77', '#d95f02', '#7570b3']","['Green', 'Orange', 'Purple']",34.266666666666666
24,607,2PartPilot3Part1,1.0,1.0,1.0,1.0,2.0,1.0,1.0,1.0,1.0,1,24,0,0,female,1.0,0.0,0.0,chrome,macos,UNKNOWN,0,0,irlexp7_2_part1,2020-12-08,2020-12-08,2020-12-08,0.0,3,debug,1.86,2.86,hedgehog,0,1,7,1,2020-12-08,0.002,2_4_24,312,True,"['#1b9e77', '#d95f02', '#7570b3']","['Green', 'Orange', 'Purple']",21.216666666666665
25,608,2PartPilot3Part1,1.0,1.0,1.0,1.0,2.0,1.0,1.0,1.0,1.0,1,21,0,0,female,1.0,0.0,0.0,chrome,windows,UNKNOWN,0,0,irlexp7_2_part1,2020-12-08,2020-12-08,2020-12-08,0.0,3,debug,1.93,2.93,hedgehog,0,1,7,1,2020-12-07,0.002,2_4_24,312,True,"['#1b9e77', '#d95f02', '#7570b3']","['Green', 'Orange', 'Purple']",21.1
26,609,2PartPilot3Part1,1.0,1.0,1.0,1.0,1.0,1.0,1.0,1.0,1.0,1,32,0,0,female,1.0,0.0,0.0,chrome,windows,UNKNOWN,0,0,irlexp7_2_part1,2020-12-07,2020-12-07,2020-12-07,0.0,3,debug,,,hedgehog,0,1,7,1,2020-12-07,0.002,2_4_24,312,False,"['#1b9e77', '#d95f02', '#7570b3']","['Green', 'Orange', 'Purple']",39.266666666666666
27,610,2PartPilot3Part1,1.0,1.0,1.0,1.0,2.0,1.0,1.0,1.0,1.0,1,40,0,0,female,1.0,0.0,0.0,chrome,windows,UNKNOWN,0,0,irlexp7_2_part1,2020-12-07,2020-12-07,2020-12-07,0.0,3,debug,2.65,3.65,hedgehog,0,1,7,1,2020-12-07,0.002,2_4_24,312,False,"['#1b9e77', '#d95f02', '#7570b3']","['Green', 'Orange', 'Purple']",54.6
28,611,2PartPilot3Part1,1.0,1.0,1.0,1.0,1.0,1.0,1.0,1.0,1.0,1,30,0,0,male,0.0,1.0,0.0,chrome,linux,UNKNOWN,0,0,irlexp7_2_part1,2020-12-07,2020-12-07,2020-12-07,0.0,3,debug,2.42,3.42,hedgehog,0,1,7,1,2020-12-07,0.002,2_4_24,312,True,"['#1b9e77', '#d95f02', '#7570b3']","['Green', 'Orange', 'Purple']",31.283333333333335
29,612,2PartPilot3Part1,1.0,1.0,1.0,1.0,2.0,1.0,1.0,1.0,1.0,1,20,0,0,male,0.0,1.0,0.0,chrome,windows,UNKNOWN,0,0,irlexp7_2_part1,2020-12-07,2020-12-07,2020-12-07,0.0,3,debug,2.6,3.6,hedgehog,0,1,7,1,2020-12-07,0.002,2_4_24,312,True,"['#1b9e77', '#d95f02', '#7570b3']","['Green', 'Orange', 'Purple']",29.683333333333334
30,613,2PartPilot3Part1,1.0,1.0,1.0,1.0,2.0,1.0,1.0,1.0,1.0,1,35,0,0,male,0.0,1.0,0.0,chrome,windows,UNKNOWN,0,0,irlexp7_2_part1,2020-12-07,2020-12-07,2020-12-07,0.0,3,debug,2.07,3.07,hedgehog,0,1,7,1,2020-12-07,0.002,2_4_24,312,False,"['#1b9e77', '#d95f02', '#7570b3']","['Green', 'Orange', 'Purple']",23.433333333333334
32,615,2PartPilot3Part1,1.0,1.0,1.0,1.0,2.0,1.0,1.0,1.0,1.0,1,28,0,1,female,1.0,0.0,0.0,chrome,chromeos,UNKNOWN,1,0,irlexp7_2_part1,2020-12-15,2020-12-15,2020-12-15,0.0,3,debug,2.33,3.33,bighorn,0,1,7,1,2020-12-15,0.002,2_4_24,312,False,"['#1b9e77', '#d95f02', '#7570b3']","['Green', 'Orange', 'Purple']",24.066666666666666
33,616,2PartPilot3Part1,1.0,1.0,1.0,0.0,2.0,1.0,1.0,1.0,1.0,1,24,0,0,female,1.0,0.0,0.0,safari,macos,UNKNOWN,1,0,irlexp7_2_part1,2020-12-14,2020-12-14,2020-12-14,0.0,3,debug,2.02,3.02,bighorn,0,1,7,1,2020-12-13,0.002,2_4_24,312,False,"['#1b9e77', '#d95f02', '#7570b3']","['Green', 'Orange', 'Purple']",23.916666666666668
34,617,2PartPilot3Part1,1.0,1.0,1.0,1.0,2.0,1.0,1.0,1.0,1.0,1,40,0,0,male,0.0,1.0,0.0,chrome,windows,UNKNOWN,1,0,irlexp7_2_part1,2020-12-12,2020-12-12,2020-12-12,0.0,3,debug,2.24,3.24,bighorn,0,1,7,1,2020-12-12,0.002,2_4_24,312,False,"['#1b9e77', '#d95f02', '#7570b3']","['Green', 'Orange', 'Purple']",27.9
35,618,2PartPilot3Part1,1.0,1.0,1.0,1.0,2.0,1.0,1.0,1.0,1.0,1,54,0,0,female,1.0,0.0,0.0,chrome,windows,UNKNOWN,1,0,irlexp7_2_part1,2020-12-12,2020-12-12,2020-12-12,0.0,3,debug,2.32,3.32,bighorn,0,1,7,1,2020-12-12,0.002,2_4_24,312,True,"['#1b9e77', '#d95f02', '#7570b3']","['Green', 'Orange', 'Purple']",47.95
36,619,2PartPilot3Part1,1.0,1.0,1.0,1.0,-2.0,1.0,1.0,1.0,1.0,1,40,0,1,female,1.0,0.0,0.0,chrome,windows,UNKNOWN,1,0,irlexp7_2_part1,2020-12-11,2020-12-11,2020-12-11,0.0,3,debug,2.58,3.58,bighorn,0,1,7,1,2020-12-11,0.002,2_4_24,312,False,"['#1b9e77', '#d95f02', '#7570b3']","['Green', 'Orange', 'Purple']",29.45
37,620,2PartPilot3Part1,1.0,1.0,1.0,1.0,1.0,1.0,1.0,1.0,1.0,1,23,0,0,male,0.0,1.0,0.0,chrome,windows,UNKNOWN,1,0,irlexp7_2_part1,2020-12-11,2020-12-11,2020-12-11,0.0,3,debug,2.34,3.34,bighorn,0,1,7,1,2020-12-10,0.002,2_4_24,312,True,"['#1b9e77', '#d95f02', '#7570b3']","['Green', 'Orange', 'Purple']",24.6
38,621,2PartPilot3Part1,1.0,1.0,1.0,1.0,1.0,1.0,1.0,1.0,1.0,1,34,0,0,male,0.0,1.0,0.0,firefox,windows,UNKNOWN,1,0,irlexp7_2_part1,2020-12-10,2020-12-10,2020-12-10,0.0,3,debug,2.39,3.39,bighorn,0,1,7,1,2020-12-10,0.002,2_4_24,312,False,"['#1b9e77', '#d95f02', '#7570b3']","['Green', 'Orange', 'Purple']",32.9
40,623,2PartPilot3Part1,1.0,1.0,1.0,1.0,2.0,1.0,1.0,1.0,1.0,1,36,0,0,female,1.0,0.0,0.0,chrome,windows,UNKNOWN,1,0,irlexp7_2_part1,2020-12-10,2020-12-10,2020-12-10,0.0,3,debug,0.93,1.93,bighorn,0,1,7,1,2020-12-10,0.002,2_4_24,312,False,"['#1b9e77', '#d95f02', '#7570b3']","['Green', 'Orange', 'Purple']",28.85
41,624,2PartPilot3Part1,1.0,1.0,1.0,1.0,2.0,1.0,1.0,1.0,1.0,1,30,0,0,male,0.0,1.0,0.0,firefox,windows,UNKNOWN,1,0,irlexp7_2_part1,2020-12-09,2020-12-09,2020-12-09,0.0,3,debug,1.26,2.26,bighorn,0,1,7,1,2020-12-09,0.002,2_4_24,312,False,"['#1b9e77', '#d95f02', '#7570b3']","['Green', 'Orange', 'Purple']",24.683333333333334
42,625,2PartPilot3Part1,1.0,1.0,1.0,1.0,1.0,1.0,1.0,1.0,1.0,1,37,0,0,male,0.0,1.0,0.0,chrome,windows,UNKNOWN,1,0,irlexp7_2_part1,2020-12-09,2020-12-09,2020-12-09,0.0,3,debug,0.38,1.38,bighorn,0,1,7,1,2020-12-08,0.002,2_4_24,312,True,"['#1b9e77', '#d95f02', '#7570b3']","['Green', 'Orange', 'Purple']",35.85
43,626,2PartPilot3Part1,1.0,1.0,1.0,1.0,2.0,1.0,1.0,1.0,1.0,1,36,0,0,female,1.0,0.0,0.0,chrome,windows,UNKNOWN,1,0,irlexp7_2_part1,2020-12-09,2020-12-09,2020-12-09,0.0,3,debug,0.67,1.67,bighorn,0,1,7,1,2020-12-08,0.002,2_4_24,312,True,"['#1b9e77', '#d95f02', '#7570b3']","['Green', 'Orange', 'Purple']",36.38333333333333
44,627,2PartPilot3Part1,1.0,1.0,1.0,1.0,1.0,1.0,1.0,1.0,1.0,1,34,0,0,female,1.0,0.0,0.0,firefox,macos,UNKNOWN,1,0,irlexp7_2_part1,2020-12-08,2020-12-08,2020-12-08,0.0,3,debug,2.35,3.35,bighorn,0,1,7,1,2020-12-08,0.002,2_4_24,312,True,"['#1b9e77', '#d95f02', '#7570b3']","['Green', 'Orange', 'Purple']",34.016666666666666
46,629,2PartPilot3Part1,1.0,1.0,1.0,1.0,2.0,1.0,1.0,1.0,1.0,1,33,0,1,male,0.0,1.0,0.0,chrome,windows,UNKNOWN,1,0,irlexp7_2_part1,2020-12-08,2020-12-08,2020-12-08,0.0,3,debug,2.15,3.15,bighorn,0,1,7,1,2020-12-07,0.002,2_4_24,312,False,"['#1b9e77', '#d95f02', '#7570b3']","['Green', 'Orange', 'Purple']",17.216666666666665
47,630,2PartPilot3Part1,1.0,1.0,1.0,1.0,-2.0,1.0,1.0,1.0,1.0,1,20,0,0,male,0.0,1.0,0.0,chrome,windows,UNKNOWN,1,0,irlexp7_2_part1,2020-12-07,2020-12-07,2020-12-07,0.0,3,debug,0.12,1.12,bighorn,0,1,7,1,2020-12-07,0.002,2_4_24,312,True,"['#1b9e77', '#d95f02', '#7570b3']","['Green', 'Orange', 'Purple']",19.2
48,631,2PartPilot3Part1,1.0,1.0,1.0,1.0,2.0,1.0,1.0,1.0,1.0,1,60,0,0,female,1.0,0.0,0.0,chrome,windows,UNKNOWN,1,0,irlexp7_2_part1,2020-12-07,2020-12-07,2020-12-07,0.0,3,debug,0.15,1.15,bighorn,0,1,7,1,2020-12-07,0.002,2_4_24,312,True,"['#1b9e77', '#d95f02', '#7570b3']","['Green', 'Orange', 'Purple']",30.433333333333334
49,632,2PartPilot3Part1,1.0,1.0,1.0,1.0,2.0,1.0,1.0,1.0,1.0,1,58,0,0,female,1.0,0.0,0.0,chrome,windows,UNKNOWN,1,0,irlexp7_2_part1,2020-12-07,2020-12-07,2020-12-07,0.0,3,debug,0.67,1.67,bighorn,0,1,7,1,2020-12-07,0.002,2_4_24,312,True,"['#1b9e77', '#d95f02', '#7570b3']","['Green', 'Orange', 'Purple']",26.316666666666666
50,633,2PartPilot3Part1,1.0,1.0,1.0,1.0,2.0,1.0,1.0,1.0,1.0,1,38,0,0,other,0.0,0.0,1.0,chrome,windows,UNKNOWN,1,0,irlexp7_2_part1,2020-12-07,2020-12-07,2020-12-07,0.0,3,debug,2.51,3.51,bighorn,0,1,7,1,2020-12-07,0.002,2_4_24,312,False,"['#1b9e77', '#d95f02', '#7570b3']","['Green', 'Orange', 'Purple']",20.066666666666666
51,634,2PartPilot3Part1,0.0,1.0,1.0,1.0,2.0,1.0,1.0,1.0,1.0,1,45,0,0,male,0.0,1.0,0.0,chrome,windows,UNKNOWN,2,0,irlexp7_2_part1,2020-12-15,2020-12-15,2020-12-15,0.0,3,debug,2.4,3.4,chinchilla,0,1,7,1,2020-12-15,0.002,2_4_24,312,True,"['#1b9e77', '#d95f02', '#7570b3']","['Green', 'Orange', 'Purple']",36.25
52,635,2PartPilot3Part1,1.0,1.0,1.0,1.0,2.0,1.0,1.0,1.0,1.0,1,51,0,0,male,0.0,1.0,0.0,chrome,windows,UNKNOWN,2,0,irlexp7_2_part1,2020-12-14,2020-12-14,2020-12-14,0.0,3,debug,,,chinchilla,0,1,7,1,2020-12-14,0.002,2_4_24,312,True,"['#1b9e77', '#d95f02', '#7570b3']","['Green', 'Orange', 'Purple']",41.96666666666667
53,636,2PartPilot3Part1,1.0,1.0,1.0,1.0,2.0,1.0,1.0,1.0,1.0,1,27,0,0,female,1.0,0.0,0.0,chrome,macos,UNKNOWN,2,0,irlexp7_2_part1,2020-12-14,2020-12-14,2020-12-14,0.0,3,debug,2.39,3.39,chinchilla,0,1,7,1,2020-12-13,0.002,2_4_24,312,True,"['#1b9e77', '#d95f02', '#7570b3']","['Green', 'Orange', 'Purple']",32.18333333333333
54,637,2PartPilot3Part1,1.0,0.0,1.0,1.0,2.0,1.0,1.0,1.0,1.0,1,37,0,0,male,0.0,1.0,0.0,chrome,windows,UNKNOWN,2,0,irlexp7_2_part1,2020-12-13,2020-12-13,2020-12-13,0.0,3,debug,2.25,3.25,chinchilla,0,1,7,1,2020-12-12,0.002,2_4_24,312,False,"['#1b9e77', '#d95f02', '#7570b3']","['Green', 'Orange', 'Purple']",20.766666666666666
55,638,2PartPilot3Part1,1.0,1.0,1.0,1.0,2.0,1.0,1.0,1.0,1.0,1,47,0,0,female,1.0,0.0,0.0,chrome,windows,UNKNOWN,2,0,irlexp7_2_part1,2020-12-12,2020-12-12,2020-12-12,0.0,3,debug,0.43,1.43,chinchilla,0,1,7,1,2020-12-11,0.002,2_4_24,312,True,"['#1b9e77', '#d95f02', '#7570b3']","['Green', 'Orange', 'Purple']",35.766666666666666
56,639,2PartPilot3Part1,0.0,0.0,1.0,1.0,1.0,1.0,1.0,1.0,1.0,1,34,0,0,male,0.0,1.0,0.0,chrome,windows,UNKNOWN,2,0,irlexp7_2_part1,2020-12-11,2020-12-11,2020-12-11,0.0,3,debug,2.32,3.32,chinchilla,0,1,7,1,2020-12-11,0.002,2_4_24,312,False,"['#1b9e77', '#d95f02', '#7570b3']","['Green', 'Orange', 'Purple']",35.7
57,640,2PartPilot3Part1,1.0,1.0,1.0,1.0,1.0,1.0,1.0,1.0,1.0,1,36,0,0,male,0.0,1.0,0.0,chrome,windows,UNKNOWN,2,0,irlexp7_2_part1,2020-12-11,2020-12-11,2020-12-11,0.0,3,debug,0.77,1.77,chinchilla,0,1,7,1,2020-12-10,0.002,2_4_24,312,False,"['#1b9e77', '#d95f02', '#7570b3']","['Green', 'Orange', 'Purple']",17.683333333333334
58,641,2PartPilot3Part1,1.0,1.0,1.0,1.0,2.0,1.0,1.0,1.0,1.0,1,27,0,0,female,1.0,0.0,0.0,chrome,windows,UNKNOWN,2,0,irlexp7_2_part1,2020-12-10,2020-12-10,2020-12-10,0.0,3,debug,2.5,3.5,chinchilla,0,1,7,1,2020-12-10,0.002,2_4_24,312,False,"['#1b9e77', '#d95f02', '#7570b3']","['Green', 'Orange', 'Purple']",23.916666666666668
59,642,2PartPilot3Part1,1.0,1.0,1.0,1.0,1.0,1.0,1.0,1.0,1.0,1,50,0,0,female,1.0,0.0,0.0,chrome,windows,UNKNOWN,2,0,irlexp7_2_part1,2020-12-10,2020-12-10,2020-12-10,0.0,3,debug,2.32,3.32,chinchilla,0,1,7,1,2020-12-10,0.002,2_4_24,312,True,"['#1b9e77', '#d95f02', '#7570b3']","['Green', 'Orange', 'Purple']",21.783333333333335
60,643,2PartPilot3Part1,1.0,1.0,1.0,1.0,2.0,1.0,1.0,1.0,1.0,1,32,0,0,female,1.0,0.0,0.0,firefox,windows,UNKNOWN,2,0,irlexp7_2_part1,2020-12-10,2020-12-10,2020-12-10,0.0,3,debug,2.24,3.24,chinchilla,0,1,7,1,2020-12-10,0.002,2_4_24,312,True,"['#1b9e77', '#d95f02', '#7570b3']","['Green', 'Orange', 'Purple']",34.35
61,644,2PartPilot3Part1,1.0,1.0,1.0,1.0,1.0,1.0,1.0,1.0,1.0,1,20,0,0,female,1.0,0.0,0.0,chrome,windows,UNKNOWN,2,0,irlexp7_2_part1,2020-12-09,2020-12-09,2020-12-09,0.0,3,debug,2.17,3.17,chinchilla,0,1,7,1,2020-12-09,0.002,2_4_24,312,True,"['#1b9e77', '#d95f02', '#7570b3']","['Green', 'Orange', 'Purple']",40.4
62,645,2PartPilot3Part1,1.0,1.0,1.0,1.0,2.0,1.0,1.0,1.0,1.0,1,23,0,0,female,1.0,0.0,0.0,chrome,windows,UNKNOWN,2,0,irlexp7_2_part1,2020-12-08,2020-12-08,2020-12-08,0.0,3,debug,2.17,3.17,chinchilla,0,1,7,1,2020-12-08,0.002,2_4_24,312,True,"['#1b9e77', '#d95f02', '#7570b3']","['Green', 'Orange', 'Purple']",30.316666666666666
63,646,2PartPilot3Part1,1.0,1.0,1.0,1.0,2.0,1.0,1.0,1.0,1.0,1,35,0,0,female,1.0,0.0,0.0,firefox,windows,UNKNOWN,2,0,irlexp7_2_part1,2020-12-08,2020-12-08,2020-12-08,0.0,3,debug,0.74,1.74,chinchilla,0,1,7,1,2020-12-08,0.002,2_4_24,312,False,"['#1b9e77', '#d95f02', '#7570b3']","['Green', 'Orange', 'Purple']",17.283333333333335
64,647,2PartPilot3Part1,1.0,1.0,1.0,1.0,2.0,1.0,1.0,1.0,1.0,1,35,0,0,male,0.0,1.0,0.0,chrome,macos,UNKNOWN,2,0,irlexp7_2_part1,2020-12-08,2020-12-08,2020-12-08,0.0,3,debug,2.15,3.15,chinchilla,0,1,7,1,2020-12-08,0.002,2_4_24,312,True,"['#1b9e77', '#d95f02', '#7570b3']","['Green', 'Orange', 'Purple']",23.25
65,648,2PartPilot3Part1,1.0,1.0,1.0,1.0,2.0,1.0,1.0,1.0,1.0,1,38,0,0,female,1.0,0.0,0.0,chrome,windows,UNKNOWN,2,0,irlexp7_2_part1,2020-12-08,2020-12-08,2020-12-08,0.0,3,debug,2.39,3.39,chinchilla,0,1,7,1,2020-12-08,0.002,2_4_24,312,True,"['#1b9e77', '#d95f02', '#7570b3']","['Green', 'Orange', 'Purple']",42.38333333333333
66,649,2PartPilot3Part1,1.0,1.0,1.0,1.0,2.0,1.0,1.0,1.0,1.0,1,27,0,0,female,1.0,0.0,0.0,chrome,windows,UNKNOWN,2,0,irlexp7_2_part1,2020-12-08,2020-12-08,2020-12-08,0.0,3,debug,2.01,3.01,chinchilla,0,1,7,1,2020-12-07,0.002,2_4_24,312,True,"['#1b9e77', '#d95f02', '#7570b3']","['Green', 'Orange', 'Purple']",23.716666666666665
67,650,2PartPilot3Part1,0.0,0.0,1.0,1.0,1.0,1.0,1.0,1.0,1.0,1,41,0,0,female,1.0,0.0,0.0,chrome,windows,UNKNOWN,2,0,irlexp7_2_part1,2020-12-07,2020-12-07,2020-12-08,0.0,3,debug,1.48,2.48,chinchilla,0,1,7,1,2020-12-07,0.002,2_4_24,312,True,"['#1b9e77', '#d95f02', '#7570b3']","['Green', 'Orange', 'Purple']",21.016666666666666
68,651,2PartPilot3Part1,1.0,1.0,1.0,1.0,2.0,1.0,1.0,1.0,1.0,1,30,0,0,male,0.0,1.0,0.0,chrome,windows,UNKNOWN,2,0,irlexp7_2_part1,2020-12-07,2020-12-07,2020-12-07,0.0,3,debug,2.46,3.46,chinchilla,0,1,7,1,2020-12-07,0.002,2_4_24,312,True,"['#1b9e77', '#d95f02', '#7570b3']","['Green', 'Orange', 'Purple']",34.083333333333336
69,652,2PartPilot3Part1,1.0,1.0,1.0,1.0,2.0,1.0,1.0,1.0,1.0,1,36,0,0,female,1.0,0.0,0.0,chrome,windows,UNKNOWN,2,0,irlexp7_2_part1,2020-12-07,2020-12-07,2020-12-07,0.0,3,debug,1.47,2.47,chinchilla,0,1,7,1,2020-12-07,0.002,2_4_24,312,False,"['#1b9e77', '#d95f02', '#7570b3']","['Green', 'Orange', 'Purple']",15.716666666666667
70,653,2PartPilot3Part1,1.0,1.0,1.0,1.0,2.0,1.0,1.0,1.0,1.0,1,49,0,0,female,1.0,0.0,0.0,chrome,windows,UNKNOWN,2,0,irlexp7_2_part1,2020-12-07,2020-12-07,2020-12-07,0.0,3,debug,0.09,1.09,chinchilla,0,1,7,1,2020-12-07,0.002,2_4_24,312,True,"['#1b9e77', '#d95f02', '#7570b3']","['Green', 'Orange', 'Purple']",24.95
71,654,2PartPilot3Part1,1.0,1.0,1.0,1.0,2.0,1.0,1.0,1.0,1.0,1,29,0,0,female,1.0,0.0,0.0,safari,macos,UNKNOWN,3,0,irlexp7_2_part1,2020-12-14,2020-12-14,2020-12-15,0.0,3,debug,2.14,3.14,porcupine,0,1,7,1,2020-12-14,0.002,2_4_24,312,True,"['#1b9e77', '#d95f02', '#7570b3']","['Green', 'Orange', 'Purple']",47.03333333333333
72,655,2PartPilot3Part1,1.0,1.0,1.0,1.0,2.0,1.0,1.0,1.0,1.0,1,21,0,0,female,1.0,0.0,0.0,chrome,windows,UNKNOWN,3,0,irlexp7_2_part1,2020-12-13,2020-12-13,2020-12-13,0.0,3,debug,2.42,3.42,porcupine,0,1,7,1,2020-12-13,0.002,2_4_24,312,False,"['#1b9e77', '#d95f02', '#7570b3']","['Green', 'Orange', 'Purple']",23.8
73,656,2PartPilot3Part1,1.0,1.0,1.0,1.0,1.0,1.0,1.0,1.0,1.0,1,35,0,0,female,1.0,0.0,0.0,chrome,windows,UNKNOWN,3,0,irlexp7_2_part1,2020-12-12,2020-12-12,2020-12-12,0.0,3,debug,2.4,3.4,porcupine,0,1,7,1,2020-12-12,0.002,2_4_24,312,False,"['#1b9e77', '#d95f02', '#7570b3']","['Green', 'Orange', 'Purple']",19.483333333333334
74,657,2PartPilot3Part1,0.0,0.0,1.0,1.0,1.0,1.0,1.0,1.0,1.0,1,32,0,0,female,1.0,0.0,0.0,chrome,windows,UNKNOWN,3,0,irlexp7_2_part1,2020-12-12,2020-12-12,2020-12-12,0.0,3,debug,0.0,1.0,porcupine,0,1,7,1,2020-12-11,0.002,2_4_24,312,True,"['#1b9e77', '#d95f02', '#7570b3']","['Green', 'Orange', 'Purple']",35.983333333333334
75,658,2PartPilot3Part1,1.0,1.0,1.0,1.0,1.0,1.0,1.0,1.0,1.0,1,37,0,0,male,0.0,1.0,0.0,chrome,windows,UNKNOWN,3,0,irlexp7_2_part1,2020-12-11,2020-12-11,2020-12-11,0.0,3,debug,2.4,3.4,porcupine,0,1,7,1,2020-12-11,0.002,2_4_24,312,False,"['#1b9e77', '#d95f02', '#7570b3']","['Green', 'Orange', 'Purple']",39.25
76,659,2PartPilot3Part1,1.0,1.0,1.0,1.0,2.0,1.0,1.0,1.0,1.0,1,22,0,0,male,0.0,1.0,0.0,chrome,windows,UNKNOWN,3,0,irlexp7_2_part1,2020-12-11,2020-12-11,2020-12-11,0.0,3,debug,2.39,3.39,porcupine,0,1,7,1,2020-12-10,0.002,2_4_24,312,True,"['#1b9e77', '#d95f02', '#7570b3']","['Green', 'Orange', 'Purple']",17.316666666666666
77,660,2PartPilot3Part1,1.0,1.0,1.0,1.0,2.0,1.0,1.0,1.0,1.0,1,36,0,0,female,1.0,0.0,0.0,chrome,macos,UNKNOWN,3,0,irlexp7_2_part1,2020-12-10,2020-12-10,2020-12-10,0.0,3,debug,0.0,1.0,porcupine,0,1,7,1,2020-12-10,0.002,2_4_24,312,False,"['#1b9e77', '#d95f02', '#7570b3']","['Green', 'Orange', 'Purple']",20.066666666666666
78,661,2PartPilot3Part1,1.0,1.0,1.0,1.0,2.0,1.0,1.0,1.0,1.0,1,21,0,0,female,1.0,0.0,0.0,chrome,macos,UNKNOWN,3,0,irlexp7_2_part1,2020-12-10,2020-12-10,2020-12-10,0.0,3,debug,2.45,3.45,porcupine,0,1,7,1,2020-12-10,0.002,2_4_24,312,True,"['#1b9e77', '#d95f02', '#7570b3']","['Green', 'Orange', 'Purple']",16.0
79,662,2PartPilot3Part1,1.0,1.0,1.0,1.0,2.0,1.0,1.0,1.0,1.0,1,73,0,0,female,1.0,0.0,0.0,chrome,windows,UNKNOWN,3,0,irlexp7_2_part1,2020-12-10,2020-12-10,2020-12-10,0.0,3,debug,0.15,1.15,porcupine,0,1,7,1,2020-12-09,0.002,2_4_24,312,True,"['#1b9e77', '#d95f02', '#7570b3']","['Green', 'Orange', 'Purple']",41.63333333333333
80,663,2PartPilot3Part1,1.0,1.0,1.0,1.0,2.0,1.0,1.0,1.0,1.0,1,38,0,0,male,0.0,1.0,0.0,chrome,windows,UNKNOWN,3,0,irlexp7_2_part1,2020-12-09,2020-12-10,2020-12-10,0.0,3,debug,2.41,3.41,porcupine,0,1,7,1,2020-12-09,0.002,2_4_24,312,False,"['#1b9e77', '#d95f02', '#7570b3']","['Green', 'Orange', 'Purple']",21.3
81,664,2PartPilot3Part1,1.0,1.0,1.0,1.0,2.0,1.0,1.0,1.0,1.0,1,22,0,0,female,1.0,0.0,0.0,chrome,macos,UNKNOWN,3,0,irlexp7_2_part1,2020-12-08,2020-12-08,2020-12-08,0.0,3,debug,0.0,1.0,porcupine,0,1,7,1,2020-12-08,0.002,2_4_24,312,False,"['#1b9e77', '#d95f02', '#7570b3']","['Green', 'Orange', 'Purple']",27.45
82,665,2PartPilot3Part1,1.0,1.0,1.0,1.0,1.0,1.0,1.0,1.0,1.0,1,31,0,0,male,0.0,1.0,0.0,chrome,windows,UNKNOWN,3,0,irlexp7_2_part1,2020-12-08,2020-12-08,2020-12-08,0.0,3,debug,2.15,3.15,porcupine,0,1,7,1,2020-12-08,0.002,2_4_24,312,False,"['#1b9e77', '#d95f02', '#7570b3']","['Green', 'Orange', 'Purple']",22.166666666666668
83,666,2PartPilot3Part1,1.0,1.0,1.0,1.0,2.0,1.0,1.0,1.0,1.0,1,55,0,0,female,1.0,0.0,0.0,chrome,windows,UNKNOWN,3,0,irlexp7_2_part1,2020-12-08,2020-12-08,2020-12-08,0.0,3,debug,2.32,3.32,porcupine,0,1,7,1,2020-12-08,0.002,2_4_24,312,True,"['#1b9e77', '#d95f02', '#7570b3']","['Green', 'Orange', 'Purple']",37.75
84,667,2PartPilot3Part1,1.0,1.0,1.0,1.0,2.0,1.0,1.0,1.0,1.0,1,23,0,0,male,0.0,1.0,0.0,chrome,chromeos,UNKNOWN,3,0,irlexp7_2_part1,2020-12-08,2020-12-08,2020-12-08,0.0,3,debug,2.4,3.4,porcupine,0,1,7,1,2020-12-07,0.002,2_4_24,312,False,"['#1b9e77', '#d95f02', '#7570b3']","['Green', 'Orange', 'Purple']",26.95
85,668,2PartPilot3Part1,1.0,1.0,1.0,1.0,2.0,1.0,1.0,1.0,1.0,1,19,0,0,male,0.0,1.0,0.0,chrome,windows,UNKNOWN,3,0,irlexp7_2_part1,2020-12-08,2020-12-08,2020-12-08,0.0,3,debug,2.22,3.22,porcupine,0,1,7,1,2020-12-07,0.002,2_4_24,312,False,"['#1b9e77', '#d95f02', '#7570b3']","['Green', 'Orange', 'Purple']",34.93333333333333
86,669,2PartPilot3Part1,1.0,1.0,1.0,1.0,2.0,1.0,1.0,1.0,1.0,1,36,0,0,female,1.0,0.0,0.0,firefox,windows,UNKNOWN,3,0,irlexp7_2_part1,2020-12-08,2020-12-08,2020-12-08,0.0,3,debug,2.39,3.39,porcupine,0,1,7,1,2020-12-07,0.002,2_4_24,312,True,"['#1b9e77', '#d95f02', '#7570b3']","['Green', 'Orange', 'Purple']",25.383333333333333
87,670,2PartPilot3Part1,1.0,1.0,1.0,1.0,2.0,1.0,1.0,1.0,1.0,1,40,0,0,male,0.0,1.0,0.0,chrome,windows,UNKNOWN,3,0,irlexp7_2_part1,2020-12-07,2020-12-07,2020-12-07,0.0,3,debug,1.83,2.83,porcupine,0,1,7,1,2020-12-07,0.002,2_4_24,312,True,"['#1b9e77', '#d95f02', '#7570b3']","['Green', 'Orange', 'Purple']",21.35
88,671,2PartPilot3Part1,1.0,1.0,1.0,1.0,2.0,1.0,1.0,1.0,1.0,1,21,0,0,female,1.0,0.0,0.0,chrome,windows,UNKNOWN,3,0,irlexp7_2_part1,2020-12-07,2020-12-07,2020-12-07,0.0,3,debug,2.19,3.19,porcupine,0,1,7,1,2020-12-07,0.002,2_4_24,312,True,"['#1b9e77', '#d95f02', '#7570b3']","['Green', 'Orange', 'Purple']",17.983333333333334
90,673,2PartPilot3Part1,0.0,0.0,1.0,1.0,2.0,1.0,1.0,1.0,1.0,1,59,0,0,female,1.0,0.0,0.0,chrome,windows,UNKNOWN,4,0,irlexp7_2_part1,2020-12-15,2020-12-15,2020-12-15,0.0,3,debug,2.14,3.14,guanaco,0,1,7,1,2020-12-14,0.002,2_4_24,312,True,"['#1b9e77', '#d95f02', '#7570b3']","['Green', 'Orange', 'Purple']",39.2
91,674,2PartPilot3Part1,1.0,0.0,1.0,1.0,1.0,1.0,1.0,1.0,1.0,1,25,0,0,female,1.0,0.0,0.0,chrome,windows,UNKNOWN,4,0,irlexp7_2_part1,2020-12-13,2020-12-13,2020-12-13,0.0,3,debug,0.01,1.01,guanaco,0,1,7,1,2020-12-13,0.002,2_4_24,312,True,"['#1b9e77', '#d95f02', '#7570b3']","['Green', 'Orange', 'Purple']",24.983333333333334
92,675,2PartPilot3Part1,0.0,0.0,1.0,0.0,0.0,1.0,1.0,1.0,1.0,1,34,0,1,female,1.0,0.0,0.0,chrome,chromeos,UNKNOWN,4,0,irlexp7_2_part1,2020-12-13,2020-12-13,2020-12-13,0.0,3,debug,0.1,1.1,guanaco,0,1,7,1,2020-12-12,0.002,2_4_24,312,False,"['#1b9e77', '#d95f02', '#7570b3']","['Green', 'Orange', 'Purple']",35.71666666666667
93,676,2PartPilot3Part1,1.0,1.0,1.0,1.0,1.0,1.0,1.0,1.0,1.0,1,20,0,0,female,1.0,0.0,0.0,chrome,windows,UNKNOWN,4,0,irlexp7_2_part1,2020-12-12,2020-12-12,2020-12-12,0.0,3,debug,2.1,3.1,guanaco,0,1,7,1,2020-12-12,0.002,2_4_24,312,False,"['#1b9e77', '#d95f02', '#7570b3']","['Green', 'Orange', 'Purple']",20.183333333333334
94,677,2PartPilot3Part1,1.0,1.0,1.0,1.0,1.0,1.0,1.0,1.0,1.0,1,38,0,0,male,0.0,1.0,0.0,chrome,windows,UNKNOWN,4,0,irlexp7_2_part1,2020-12-11,2020-12-11,2020-12-11,0.0,3,debug,1.09,2.09,guanaco,0,1,7,1,2020-12-11,0.002,2_4_24,312,False,"['#1b9e77', '#d95f02', '#7570b3']","['Green', 'Orange', 'Purple']",21.166666666666668
95,678,2PartPilot3Part1,1.0,1.0,1.0,1.0,1.0,1.0,1.0,1.0,1.0,1,25,0,0,male,0.0,1.0,0.0,chrome,windows,UNKNOWN,4,0,irlexp7_2_part1,2020-12-11,2020-12-11,2020-12-11,0.0,3,debug,2.6,3.6,guanaco,0,1,7,1,2020-12-10,0.002,2_4_24,312,True,"['#1b9e77', '#d95f02', '#7570b3']","['Green', 'Orange', 'Purple']",28.7
96,680,2PartPilot3Part1,1.0,1.0,1.0,1.0,1.0,1.0,1.0,1.0,1.0,1,51,0,1,female,1.0,0.0,0.0,chrome,windows,UNKNOWN,4,0,irlexp7_2_part1,2020-12-10,2020-12-10,2020-12-10,0.0,3,debug,0.4,1.4,guanaco,0,1,7,1,2020-12-10,0.002,2_4_24,312,False,"['#1b9e77', '#d95f02', '#7570b3']","['Green', 'Orange', 'Purple']",42.68333333333333
97,681,2PartPilot3Part1,1.0,1.0,1.0,1.0,2.0,1.0,1.0,1.0,1.0,1,30,0,0,male,0.0,1.0,0.0,chrome,windows,UNKNOWN,4,0,irlexp7_2_part1,2020-12-10,2020-12-10,2020-12-10,0.0,3,debug,2.28,3.28,guanaco,0,1,7,1,2020-12-10,0.002,2_4_24,312,False,"['#1b9e77', '#d95f02', '#7570b3']","['Green', 'Orange', 'Purple']",19.516666666666666
98,682,2PartPilot3Part1,1.0,1.0,1.0,1.0,1.0,1.0,1.0,1.0,1.0,1,21,0,0,male,0.0,1.0,0.0,chrome,windows,UNKNOWN,4,0,irlexp7_2_part1,2020-12-09,2020-12-09,2020-12-09,0.0,3,debug,0.92,1.92,guanaco,0,1,7,1,2020-12-09,0.002,2_4_24,312,True,"['#1b9e77', '#d95f02', '#7570b3']","['Green', 'Orange', 'Purple']",36.3
99,683,2PartPilot3Part1,1.0,1.0,1.0,1.0,2.0,1.0,1.0,1.0,1.0,1,28,0,0,male,0.0,1.0,0.0,chrome,windows,UNKNOWN,4,0,irlexp7_2_part1,2020-12-09,2020-12-09,2020-12-09,0.0,3,debug,2.81,3.81,guanaco,0,1,7,1,2020-12-08,0.002,2_4_24,312,True,"['#1b9e77', '#d95f02', '#7570b3']","['Green', 'Orange', 'Purple']",25.9
100,684,2PartPilot3Part1,1.0,1.0,1.0,1.0,2.0,1.0,1.0,1.0,1.0,1,34,0,0,female,1.0,0.0,0.0,chrome,windows,UNKNOWN,4,0,irlexp7_2_part1,2020-12-08,2020-12-08,2020-12-08,0.0,3,debug,2.55,3.55,guanaco,0,1,7,1,2020-12-08,0.002,2_4_24,312,True,"['#1b9e77', '#d95f02', '#7570b3']","['Green', 'Orange', 'Purple']",33.666666666666664
101,685,2PartPilot3Part1,1.0,1.0,1.0,1.0,2.0,1.0,1.0,1.0,1.0,1,50,0,0,male,0.0,1.0,0.0,chrome,windows,UNKNOWN,4,0,irlexp7_2_part1,2020-12-08,2020-12-08,2020-12-08,0.0,3,debug,0.44,1.44,guanaco,0,1,7,1,2020-12-08,0.002,2_4_24,312,False,"['#1b9e77', '#d95f02', '#7570b3']","['Green', 'Orange', 'Purple']",30.866666666666667
102,686,2PartPilot3Part1,1.0,1.0,1.0,1.0,1.0,1.0,1.0,1.0,1.0,1,32,0,0,female,1.0,0.0,0.0,chrome,windows,UNKNOWN,4,0,irlexp7_2_part1,2020-12-08,2020-12-08,2020-12-08,0.0,3,debug,2.27,3.27,guanaco,0,1,7,1,2020-12-07,0.002,2_4_24,312,False,"['#1b9e77', '#d95f02', '#7570b3']","['Green', 'Orange', 'Purple']",46.03333333333333
103,687,2PartPilot3Part1,1.0,1.0,1.0,1.0,2.0,1.0,1.0,1.0,1.0,1,28,0,0,female,1.0,0.0,0.0,chrome,windows,UNKNOWN,4,0,irlexp7_2_part1,2020-12-08,2020-12-08,2020-12-08,0.0,3,debug,2.39,3.39,guanaco,0,1,7,1,2020-12-07,0.002,2_4_24,312,False,"['#1b9e77', '#d95f02', '#7570b3']","['Green', 'Orange', 'Purple']",25.633333333333333
104,688,2PartPilot3Part1,0.0,0.0,1.0,1.0,2.0,1.0,1.0,1.0,1.0,1,24,0,0,male,0.0,1.0,0.0,chrome,windows,UNKNOWN,4,0,irlexp7_2_part1,2020-12-07,2020-12-07,2020-12-07,0.0,3,debug,2.32,3.32,guanaco,0,1,7,1,2020-12-07,0.002,2_4_24,312,True,"['#1b9e77', '#d95f02', '#7570b3']","['Green', 'Orange', 'Purple']",19.033333333333335
105,689,2PartPilot3Part1,1.0,1.0,1.0,1.0,2.0,1.0,1.0,1.0,1.0,1,45,0,0,female,1.0,0.0,0.0,chrome,macos,UNKNOWN,4,0,irlexp7_2_part1,2020-12-07,2020-12-07,2020-12-07,0.0,3,debug,0.0,1.0,guanaco,0,1,7,1,2020-12-07,0.002,2_4_24,312,True,"['#1b9e77', '#d95f02', '#7570b3']","['Green', 'Orange', 'Purple']",26.816666666666666
106,690,2PartPilot3Part1,1.0,1.0,1.0,1.0,1.0,1.0,1.0,1.0,1.0,1,30,0,0,female,1.0,0.0,0.0,chrome,windows,UNKNOWN,4,0,irlexp7_2_part1,2020-12-07,2020-12-07,2020-12-07,0.0,3,debug,0.8,1.8,guanaco,0,1,7,1,2020-12-07,0.002,2_4_24,312,False,"['#1b9e77', '#d95f02', '#7570b3']","['Green', 'Orange', 'Purple']",18.066666666666666
107,691,2PartPilot3Part1,1.0,1.0,1.0,1.0,2.0,1.0,1.0,1.0,1.0,1,32,0,0,male,0.0,1.0,0.0,chrome,windows,UNKNOWN,4,0,irlexp7_2_part1,2020-12-07,2020-12-07,2020-12-07,0.0,3,debug,2.81,3.81,guanaco,0,1,7,1,2020-12-07,0.002,2_4_24,312,False,"['#1b9e77', '#d95f02', '#7570b3']","['Green', 'Orange', 'Purple']",23.8
108,692,2PartPilot3Part1,1.0,1.0,1.0,1.0,2.0,1.0,1.0,1.0,1.0,1,48,0,0,female,1.0,0.0,0.0,firefox,windows,UNKNOWN,5,0,irlexp7_2_part1,2020-12-14,2020-12-14,2020-12-14,0.0,3,debug,0.21,1.21,walrus,0,1,7,1,2020-12-13,0.002,2_4_24,312,False,"['#1b9e77', '#d95f02', '#7570b3']","['Green', 'Orange', 'Purple']",39.96666666666667
109,693,2PartPilot3Part1,0.0,0.0,1.0,1.0,2.0,1.0,1.0,1.0,1.0,1,24,0,0,female,1.0,0.0,0.0,safari,macos,UNKNOWN,5,0,irlexp7_2_part1,2020-12-13,2020-12-13,2020-12-13,0.0,3,debug,2.35,3.35,walrus,0,1,7,1,2020-12-13,0.002,2_4_24,312,False,"['#1b9e77', '#d95f02', '#7570b3']","['Green', 'Orange', 'Purple']",21.8
110,694,2PartPilot3Part1,1.0,1.0,1.0,1.0,2.0,1.0,1.0,1.0,1.0,1,31,0,0,male,0.0,1.0,0.0,chrome,windows,UNKNOWN,5,0,irlexp7_2_part1,2020-12-13,2020-12-13,2020-12-13,0.0,3,debug,2.32,3.32,walrus,0,1,7,1,2020-12-12,0.002,2_4_24,312,True,"['#1b9e77', '#d95f02', '#7570b3']","['Green', 'Orange', 'Purple']",27.216666666666665
111,695,2PartPilot3Part1,1.0,1.0,1.0,1.0,1.0,1.0,1.0,1.0,1.0,1,20,0,0,male,0.0,1.0,0.0,chrome,windows,UNKNOWN,5,0,irlexp7_2_part1,2020-12-12,2020-12-12,2020-12-12,0.0,3,debug,2.67,3.67,walrus,0,1,7,1,2020-12-12,0.002,2_4_24,312,True,"['#1b9e77', '#d95f02', '#7570b3']","['Green', 'Orange', 'Purple']",11.683333333333334
112,696,2PartPilot3Part1,1.0,1.0,1.0,1.0,2.0,1.0,1.0,1.0,1.0,1,28,1,0,male,0.0,1.0,0.0,chrome,windows,UNKNOWN,5,0,irlexp7_2_part1,2020-12-11,2020-12-11,2020-12-11,0.0,3,debug,2.13,3.13,walrus,0,1,7,1,2020-12-11,0.002,2_4_24,312,True,"['#1b9e77', '#d95f02', '#7570b3']","['Green', 'Orange', 'Purple']",28.4
113,697,2PartPilot3Part1,1.0,1.0,1.0,1.0,2.0,1.0,1.0,1.0,1.0,1,29,0,0,male,0.0,1.0,0.0,chrome,macos,UNKNOWN,5,0,irlexp7_2_part1,2020-12-11,2020-12-11,2020-12-11,0.0,3,debug,1.76,2.76,walrus,0,1,7,1,2020-12-10,0.002,2_4_24,312,True,"['#1b9e77', '#d95f02', '#7570b3']","['Green', 'Orange', 'Purple']",18.55
114,698,2PartPilot3Part1,1.0,1.0,1.0,1.0,2.0,1.0,1.0,1.0,1.0,1,34,0,0,male,0.0,1.0,0.0,chrome,windows,UNKNOWN,5,0,irlexp7_2_part1,2020-12-10,2020-12-10,2020-12-10,0.0,3,debug,2.49,3.49,walrus,0,1,7,1,2020-12-10,0.002,2_4_24,312,True,"['#1b9e77', '#d95f02', '#7570b3']","['Green', 'Orange', 'Purple']",31.583333333333332
115,699,2PartPilot3Part1,0.0,1.0,1.0,1.0,1.0,1.0,1.0,1.0,1.0,1,22,0,1,male,0.0,1.0,0.0,chrome,macos,UNKNOWN,5,0,irlexp7_2_part1,2020-12-10,2020-12-10,2020-12-10,0.0,3,debug,2.41,3.41,walrus,0,1,7,1,2020-12-10,0.002,2_4_24,312,True,"['#1b9e77', '#d95f02', '#7570b3']","['Green', 'Orange', 'Purple']",15.316666666666666
116,700,2PartPilot3Part1,1.0,0.0,1.0,1.0,2.0,1.0,1.0,1.0,1.0,1,29,0,0,female,1.0,0.0,0.0,chrome,windows,UNKNOWN,5,0,irlexp7_2_part1,2020-12-10,2020-12-10,2020-12-10,0.0,3,debug,0.46,1.46,walrus,0,1,7,1,2020-12-09,0.002,2_4_24,312,True,"['#1b9e77', '#d95f02', '#7570b3']","['Green', 'Orange', 'Purple']",23.733333333333334
117,701,2PartPilot3Part1,0.0,0.0,1.0,1.0,1.0,1.0,1.0,1.0,1.0,1,42,0,0,female,1.0,0.0,0.0,chrome,macos,UNKNOWN,5,0,irlexp7_2_part1,2020-12-09,2020-12-09,2020-12-09,0.0,3,debug,0.48,1.48,walrus,0,1,7,1,2020-12-09,0.002,2_4_24,312,False,"['#1b9e77', '#d95f02', '#7570b3']","['Green', 'Orange', 'Purple']",13.4
118,702,2PartPilot3Part1,1.0,1.0,1.0,1.0,1.0,1.0,1.0,1.0,1.0,1,35,0,0,female,1.0,0.0,0.0,chrome,macos,UNKNOWN,5,0,irlexp7_2_part1,2020-12-09,2020-12-09,2020-12-09,0.0,3,debug,0.15,1.15,walrus,0,1,7,1,2020-12-08,0.002,2_4_24,312,True,"['#1b9e77', '#d95f02', '#7570b3']","['Green', 'Orange', 'Purple']",23.6
119,703,2PartPilot3Part1,1.0,1.0,1.0,1.0,2.0,1.0,1.0,1.0,1.0,1,30,0,0,female,1.0,0.0,0.0,chrome,macos,UNKNOWN,5,0,irlexp7_2_part1,2020-12-08,2020-12-08,2020-12-08,0.0,3,debug,2.34,3.34,walrus,0,1,7,1,2020-12-08,0.002,2_4_24,312,False,"['#1b9e77', '#d95f02', '#7570b3']","['Green', 'Orange', 'Purple']",21.166666666666668
120,704,2PartPilot3Part1,1.0,1.0,1.0,1.0,2.0,1.0,1.0,1.0,1.0,1,34,0,0,male,0.0,1.0,0.0,firefox,windows,UNKNOWN,5,0,irlexp7_2_part1,2020-12-08,2020-12-08,2020-12-08,0.0,3,debug,2.34,3.34,walrus,0,1,7,1,2020-12-08,0.002,2_4_24,312,False,"['#1b9e77', '#d95f02', '#7570b3']","['Green', 'Orange', 'Purple']",22.733333333333334
121,705,2PartPilot3Part1,1.0,1.0,1.0,1.0,2.0,1.0,1.0,1.0,1.0,1,30,1,0,male,0.0,1.0,0.0,chrome,windows,UNKNOWN,5,0,irlexp7_2_part1,2020-12-08,2020-12-08,2020-12-08,0.0,3,debug,2.74,3.74,walrus,0,1,7,1,2020-12-08,0.002,2_4_24,312,True,"['#1b9e77', '#d95f02', '#7570b3']","['Green', 'Orange', 'Purple']",18.383333333333333
122,706,2PartPilot3Part1,1.0,1.0,1.0,1.0,0.0,1.0,1.0,1.0,1.0,1,26,0,0,male,0.0,1.0,0.0,chrome,windows,UNKNOWN,5,0,irlexp7_2_part1,2020-12-08,2020-12-08,2020-12-08,0.0,3,debug,2.53,3.53,walrus,0,1,7,1,2020-12-07,0.002,2_4_24,312,True,"['#1b9e77', '#d95f02', '#7570b3']","['Green', 'Orange', 'Purple']",17.383333333333333
123,707,2PartPilot3Part1,1.0,1.0,1.0,1.0,2.0,1.0,1.0,1.0,1.0,1,35,0,0,female,1.0,0.0,0.0,chrome,windows,UNKNOWN,5,0,irlexp7_2_part1,2020-12-08,2020-12-08,2020-12-08,0.0,3,debug,2.66,3.66,walrus,0,1,7,1,2020-12-07,0.002,2_4_24,312,True,"['#1b9e77', '#d95f02', '#7570b3']","['Green', 'Orange', 'Purple']",23.966666666666665
124,708,2PartPilot3Part1,1.0,1.0,1.0,1.0,2.0,1.0,1.0,1.0,1.0,1,19,0,0,female,1.0,0.0,0.0,chrome,macos,UNKNOWN,5,0,irlexp7_2_part1,2020-12-07,2020-12-07,2020-12-07,0.0,3,debug,2.63,3.63,walrus,0,1,7,1,2020-12-07,0.002,2_4_24,312,False,"['#1b9e77', '#d95f02', '#7570b3']","['Green', 'Orange', 'Purple']",26.75
125,709,2PartPilot3Part1,0.0,1.0,1.0,1.0,2.0,1.0,1.0,1.0,1.0,1,53,0,0,female,1.0,0.0,0.0,chrome,windows,UNKNOWN,5,0,irlexp7_2_part1,2020-12-07,2020-12-07,2020-12-07,0.0,3,debug,1.32,2.32,walrus,0,1,7,1,2020-12-07,0.002,2_4_24,312,True,"['#1b9e77', '#d95f02', '#7570b3']","['Green', 'Orange', 'Purple']",24.016666666666666
126,710,2PartPilot3Part1,1.0,1.0,1.0,1.0,2.0,1.0,1.0,1.0,1.0,1,46,0,0,male,0.0,1.0,0.0,chrome,macos,UNKNOWN,5,0,irlexp7_2_part1,2020-12-07,2020-12-07,2020-12-07,0.0,3,debug,1.73,2.73,walrus,0,1,7,1,2020-12-07,0.002,2_4_24,312,True,"['#1b9e77', '#d95f02', '#7570b3']","['Green', 'Orange', 'Purple']",19.6
127,711,2PartPilot3Part1,0.0,0.0,1.0,1.0,2.0,1.0,1.0,1.0,1.0,1,30,0,0,female,1.0,0.0,0.0,chrome,windows,UNKNOWN,6,0,irlexp7_2_part1,2020-12-15,2020-12-15,2020-12-15,0.0,3,debug,2.0,3.0,dromedary,0,1,7,1,2020-12-15,0.002,2_4_24,312,False,"['#1b9e77', '#d95f02', '#7570b3']","['Green', 'Orange', 'Purple']",21.75
128,712,2PartPilot3Part1,1.0,1.0,1.0,1.0,2.0,1.0,1.0,1.0,1.0,1,54,0,0,male,0.0,1.0,0.0,chrome,windows,UNKNOWN,6,0,irlexp7_2_part1,2020-12-14,2020-12-14,2020-12-14,0.0,3,debug,2.56,3.56,dromedary,0,1,7,1,2020-12-14,0.002,2_4_24,312,False,"['#1b9e77', '#d95f02', '#7570b3']","['Green', 'Orange', 'Purple']",24.033333333333335
129,713,2PartPilot3Part1,1.0,1.0,1.0,1.0,2.0,1.0,1.0,1.0,1.0,1,32,0,0,male,0.0,1.0,0.0,chrome,windows,UNKNOWN,6,0,irlexp7_2_part1,2020-12-13,2020-12-13,2020-12-13,0.0,3,debug,2.18,3.18,dromedary,0,1,7,1,2020-12-13,0.002,2_4_24,312,False,"['#1b9e77', '#d95f02', '#7570b3']","['Green', 'Orange', 'Purple']",17.983333333333334
130,714,2PartPilot3Part1,0.0,1.0,1.0,1.0,2.0,1.0,1.0,1.0,1.0,1,49,0,0,male,0.0,1.0,0.0,chrome,macos,UNKNOWN,6,0,irlexp7_2_part1,2020-12-12,2020-12-12,2020-12-12,0.0,3,debug,2.53,3.53,dromedary,0,1,7,1,2020-12-12,0.002,2_4_24,312,False,"['#1b9e77', '#d95f02', '#7570b3']","['Green', 'Orange', 'Purple']",25.116666666666667
131,715,2PartPilot3Part1,1.0,1.0,1.0,1.0,2.0,1.0,1.0,1.0,1.0,1,61,0,0,female,1.0,0.0,0.0,chrome,windows,UNKNOWN,6,0,irlexp7_2_part1,2020-12-12,2020-12-12,2020-12-12,0.0,3,debug,1.75,2.75,dromedary,0,1,7,1,2020-12-12,0.002,2_4_24,312,False,"['#1b9e77', '#d95f02', '#7570b3']","['Green', 'Orange', 'Purple']",29.283333333333335
133,717,2PartPilot3Part1,1.0,1.0,1.0,1.0,1.0,1.0,1.0,1.0,1.0,1,56,0,0,female,1.0,0.0,0.0,firefox,windows,UNKNOWN,6,0,irlexp7_2_part1,2020-12-11,2020-12-11,2020-12-11,0.0,3,debug,0.5,1.5,dromedary,0,1,7,1,2020-12-11,0.002,2_4_24,312,True,"['#1b9e77', '#d95f02', '#7570b3']","['Green', 'Orange', 'Purple']",19.616666666666667
134,718,2PartPilot3Part1,1.0,1.0,1.0,1.0,2.0,1.0,1.0,1.0,1.0,1,26,0,0,female,1.0,0.0,0.0,chrome,windows,UNKNOWN,6,0,irlexp7_2_part1,2020-12-10,2020-12-10,2020-12-10,0.0,3,debug,2.51,3.51,dromedary,0,1,7,1,2020-12-10,0.002,2_4_24,312,True,"['#1b9e77', '#d95f02', '#7570b3']","['Green', 'Orange', 'Purple']",17.916666666666668
135,719,2PartPilot3Part1,1.0,1.0,1.0,1.0,-2.0,1.0,1.0,1.0,1.0,1,31,0,0,male,0.0,1.0,0.0,chrome,windows,UNKNOWN,6,0,irlexp7_2_part1,2020-12-10,2020-12-10,2020-12-10,0.0,3,debug,2.4,3.4,dromedary,0,1,7,1,2020-12-10,0.002,2_4_24,312,False,"['#1b9e77', '#d95f02', '#7570b3']","['Green', 'Orange', 'Purple']",23.383333333333333
136,720,2PartPilot3Part1,1.0,1.0,1.0,1.0,1.0,1.0,1.0,1.0,1.0,1,30,0,0,female,1.0,0.0,0.0,chrome,windows,UNKNOWN,6,0,irlexp7_2_part1,2020-12-10,2020-12-10,2020-12-10,0.0,3,debug,2.56,3.56,dromedary,0,1,7,1,2020-12-10,0.002,2_4_24,312,False,"['#1b9e77', '#d95f02', '#7570b3']","['Green', 'Orange', 'Purple']",19.583333333333332
137,721,2PartPilot3Part1,0.0,0.0,1.0,1.0,2.0,1.0,1.0,1.0,1.0,1,66,0,0,male,0.0,1.0,0.0,firefox,windows,UNKNOWN,6,0,irlexp7_2_part1,2020-12-09,2020-12-09,2020-12-09,0.0,3,debug,2.12,3.12,dromedary,0,1,7,1,2020-12-09,0.002,2_4_24,312,True,"['#1b9e77', '#d95f02', '#7570b3']","['Green', 'Orange', 'Purple']",19.75
138,722,2PartPilot3Part1,1.0,1.0,1.0,1.0,2.0,1.0,1.0,1.0,1.0,1,27,0,0,male,0.0,1.0,0.0,chrome,macos,UNKNOWN,6,0,irlexp7_2_part1,2020-12-09,2020-12-09,2020-12-09,0.0,3,debug,2.49,3.49,dromedary,0,1,7,1,2020-12-09,0.002,2_4_24,312,False,"['#1b9e77', '#d95f02', '#7570b3']","['Green', 'Orange', 'Purple']",31.366666666666667
139,723,2PartPilot3Part1,1.0,1.0,1.0,1.0,2.0,1.0,1.0,1.0,1.0,1,20,0,0,male,0.0,1.0,0.0,chrome,windows,UNKNOWN,6,0,irlexp7_2_part1,2020-12-09,2020-12-09,2020-12-09,0.0,3,debug,2.52,3.52,dromedary,0,1,7,1,2020-12-08,0.002,2_4_24,312,False,"['#1b9e77', '#d95f02', '#7570b3']","['Green', 'Orange', 'Purple']",27.783333333333335
140,724,2PartPilot3Part1,1.0,1.0,1.0,1.0,2.0,1.0,1.0,1.0,1.0,1,28,0,0,female,1.0,0.0,0.0,chrome,windows,UNKNOWN,6,0,irlexp7_2_part1,2020-12-08,2020-12-08,2020-12-08,0.0,3,debug,1.61,2.61,dromedary,0,1,7,1,2020-12-08,0.002,2_4_24,312,True,"['#1b9e77', '#d95f02', '#7570b3']","['Green', 'Orange', 'Purple']",22.266666666666666
141,725,2PartPilot3Part1,1.0,1.0,1.0,1.0,2.0,1.0,1.0,1.0,1.0,1,45,0,0,male,0.0,1.0,0.0,chrome,windows,UNKNOWN,6,0,irlexp7_2_part1,2020-12-08,2020-12-08,2020-12-08,0.0,3,debug,2.49,3.49,dromedary,0,1,7,1,2020-12-08,0.002,2_4_24,312,True,"['#1b9e77', '#d95f02', '#7570b3']","['Green', 'Orange', 'Purple']",32.166666666666664
142,726,2PartPilot3Part1,1.0,1.0,1.0,1.0,2.0,1.0,1.0,1.0,1.0,1,21,0,0,female,1.0,0.0,0.0,firefox,macos,UNKNOWN,6,0,irlexp7_2_part1,2020-12-08,2020-12-08,2020-12-08,0.0,3,debug,1.59,2.59,dromedary,0,1,7,1,2020-12-07,0.002,2_4_24,312,True,"['#1b9e77', '#d95f02', '#7570b3']","['Green', 'Orange', 'Purple']",18.383333333333333
143,727,2PartPilot3Part1,1.0,1.0,1.0,1.0,2.0,1.0,1.0,1.0,1.0,1,32,0,0,female,1.0,0.0,0.0,chrome,macos,UNKNOWN,6,0,irlexp7_2_part1,2020-12-08,2020-12-08,2020-12-08,0.0,3,debug,2.54,3.54,dromedary,0,1,7,1,2020-12-07,0.002,2_4_24,312,True,"['#1b9e77', '#d95f02', '#7570b3']","['Green', 'Orange', 'Purple']",22.333333333333332
144,728,2PartPilot3Part1,0.0,1.0,1.0,1.0,2.0,1.0,1.0,1.0,1.0,1,35,0,0,male,0.0,1.0,0.0,firefox,windows,UNKNOWN,6,0,irlexp7_2_part1,2020-12-07,2020-12-07,2020-12-07,0.0,3,debug,0.74,1.74,dromedary,0,1,7,1,2020-12-07,0.002,2_4_24,312,False,"['#1b9e77', '#d95f02', '#7570b3']","['Green', 'Orange', 'Purple']",28.583333333333332
145,729,2PartPilot3Part1,0.0,0.0,0.0,1.0,2.0,1.0,1.0,1.0,1.0,1,26,0,0,female,1.0,0.0,0.0,chrome,windows,UNKNOWN,6,0,irlexp7_2_part1,2020-12-07,2020-12-07,2020-12-07,0.0,3,debug,0.61,1.61,dromedary,0,1,7,1,2020-12-07,0.002,2_4_24,312,True,"['#1b9e77', '#d95f02', '#7570b3']","['Green', 'Orange', 'Purple']",10.233333333333333
146,730,2PartPilot3Part1,0.0,0.0,1.0,1.0,2.0,1.0,1.0,1.0,1.0,1,42,0,0,male,0.0,1.0,0.0,chrome,macos,UNKNOWN,6,0,irlexp7_2_part1,2020-12-07,2020-12-07,2020-12-07,0.0,3,debug,0.62,1.62,dromedary,0,1,7,1,2020-12-07,0.002,2_4_24,312,True,"['#1b9e77', '#d95f02', '#7570b3']","['Green', 'Orange', 'Purple']",15.633333333333333
147,731,2PartPilot3Part1,1.0,1.0,1.0,1.0,1.0,1.0,1.0,1.0,1.0,1,30,0,0,male,0.0,1.0,0.0,chrome,windows,UNKNOWN,7,0,irlexp7_2_part1,2020-12-15,2020-12-15,2020-12-15,0.0,3,debug,2.59,3.59,aoudad,0,1,7,1,2020-12-15,0.002,2_4_24,312,False,"['#1b9e77', '#d95f02', '#7570b3']","['Green', 'Orange', 'Purple']",16.133333333333333
148,732,2PartPilot3Part1,0.0,0.0,1.0,0.0,2.0,1.0,1.0,1.0,1.0,1,65,0,0,female,1.0,0.0,0.0,firefox,windows,UNKNOWN,7,0,irlexp7_2_part1,2020-12-14,2020-12-14,2020-12-14,0.0,3,debug,0.92,1.92,aoudad,0,1,7,1,2020-12-14,0.002,2_4_24,312,True,"['#1b9e77', '#d95f02', '#7570b3']","['Green', 'Orange', 'Purple']",30.416666666666668
149,733,2PartPilot3Part1,1.0,1.0,1.0,1.0,1.0,1.0,1.0,1.0,1.0,1,35,0,0,female,1.0,0.0,0.0,firefox,macos,UNKNOWN,7,0,irlexp7_2_part1,2020-12-14,2020-12-14,2020-12-14,0.0,3,debug,0.54,1.54,aoudad,0,1,7,1,2020-12-13,0.002,2_4_24,312,True,"['#1b9e77', '#d95f02', '#7570b3']","['Green', 'Orange', 'Purple']",25.866666666666667
150,734,2PartPilot3Part1,0.0,0.0,1.0,1.0,1.0,1.0,1.0,1.0,1.0,1,59,0,0,female,1.0,0.0,0.0,chrome,windows,UNKNOWN,7,0,irlexp7_2_part1,2020-12-13,2020-12-13,2020-12-13,0.0,3,debug,0.75,1.75,aoudad,0,1,7,1,2020-12-13,0.002,2_4_24,312,True,"['#1b9e77', '#d95f02', '#7570b3']","['Green', 'Orange', 'Purple']",32.96666666666667
151,735,2PartPilot3Part1,1.0,1.0,1.0,1.0,2.0,1.0,1.0,1.0,1.0,1,36,0,0,male,0.0,1.0,0.0,chrome,windows,UNKNOWN,7,0,irlexp7_2_part1,2020-12-12,2020-12-12,2020-12-12,0.0,3,debug,2.5,3.5,aoudad,0,1,7,1,2020-12-12,0.002,2_4_24,312,True,"['#1b9e77', '#d95f02', '#7570b3']","['Green', 'Orange', 'Purple']",43.53333333333333
152,736,2PartPilot3Part1,1.0,1.0,1.0,0.0,2.0,1.0,1.0,1.0,1.0,1,65,0,0,female,1.0,0.0,0.0,chrome,windows,UNKNOWN,7,0,irlexp7_2_part1,2020-12-11,2020-12-11,2020-12-11,0.0,3,debug,1.99,2.99,aoudad,0,1,7,1,2020-12-11,0.002,2_4_24,312,False,"['#1b9e77', '#d95f02', '#7570b3']","['Green', 'Orange', 'Purple']",32.56666666666667
153,737,2PartPilot3Part1,0.0,0.0,1.0,1.0,1.0,1.0,1.0,1.0,1.0,1,32,0,0,female,1.0,0.0,0.0,chrome,chromeos,UNKNOWN,7,0,irlexp7_2_part1,2020-12-11,2020-12-11,2020-12-11,0.0,3,debug,0.45,1.45,aoudad,0,1,7,1,2020-12-10,0.002,2_4_24,312,True,"['#1b9e77', '#d95f02', '#7570b3']","['Green', 'Orange', 'Purple']",30.0
154,738,2PartPilot3Part1,1.0,1.0,1.0,1.0,2.0,1.0,1.0,1.0,1.0,1,54,0,0,male,0.0,1.0,0.0,chrome,windows,UNKNOWN,7,0,irlexp7_2_part1,2020-12-10,2020-12-10,2020-12-10,0.0,3,debug,2.53,3.53,aoudad,0,1,7,1,2020-12-10,0.002,2_4_24,312,True,"['#1b9e77', '#d95f02', '#7570b3']","['Green', 'Orange', 'Purple']",37.11666666666667
155,739,2PartPilot3Part1,1.0,1.0,1.0,1.0,1.0,1.0,1.0,1.0,1.0,1,27,0,0,male,0.0,1.0,0.0,chrome,windows,UNKNOWN,7,0,irlexp7_2_part1,2020-12-10,2020-12-10,2020-12-10,0.0,3,debug,2.63,3.63,aoudad,0,1,7,1,2020-12-09,0.002,2_4_24,312,True,"['#1b9e77', '#d95f02', '#7570b3']","['Green', 'Orange', 'Purple']",22.233333333333334
156,740,2PartPilot3Part1,0.0,0.0,1.0,1.0,2.0,1.0,1.0,1.0,1.0,1,25,0,0,female,1.0,0.0,0.0,chrome,macos,UNKNOWN,7,0,irlexp7_2_part1,2020-12-09,2020-12-09,2020-12-09,0.0,3,debug,2.68,3.68,aoudad,0,1,7,1,2020-12-09,0.002,2_4_24,312,True,"['#1b9e77', '#d95f02', '#7570b3']","['Green', 'Orange', 'Purple']",16.533333333333335
157,741,2PartPilot3Part1,0.0,0.0,1.0,1.0,2.0,1.0,1.0,1.0,1.0,1,48,0,0,female,1.0,0.0,0.0,chrome,chromeos,UNKNOWN,7,0,irlexp7_2_part1,2020-12-09,2020-12-09,2020-12-10,0.0,3,debug,1.85,2.85,aoudad,0,1,7,1,2020-12-09,0.002,2_4_24,312,False,"['#1b9e77', '#d95f02', '#7570b3']","['Green', 'Orange', 'Purple']",7.883333333333334
158,742,2PartPilot3Part1,1.0,1.0,1.0,1.0,2.0,1.0,1.0,1.0,1.0,1,27,0,0,female,1.0,0.0,0.0,chrome,macos,UNKNOWN,7,0,irlexp7_2_part1,2020-12-09,2020-12-09,2020-12-09,0.0,3,debug,2.57,3.57,aoudad,0,1,7,1,2020-12-09,0.002,2_4_24,312,True,"['#1b9e77', '#d95f02', '#7570b3']","['Green', 'Orange', 'Purple']",25.516666666666666
159,743,2PartPilot3Part1,1.0,1.0,1.0,1.0,2.0,1.0,1.0,1.0,1.0,1,24,0,0,female,1.0,0.0,0.0,chrome,macos,UNKNOWN,7,0,irlexp7_2_part1,2020-12-08,2020-12-08,2020-12-08,0.0,3,debug,2.56,3.56,aoudad,0,1,7,1,2020-12-08,0.002,2_4_24,312,True,"['#1b9e77', '#d95f02', '#7570b3']","['Green', 'Orange', 'Purple']",18.766666666666666
160,744,2PartPilot3Part1,1.0,1.0,1.0,1.0,2.0,1.0,1.0,1.0,1.0,1,47,0,0,female,1.0,0.0,0.0,chrome,macos,UNKNOWN,7,0,irlexp7_2_part1,2020-12-08,2020-12-08,2020-12-08,0.0,3,debug,2.79,3.79,aoudad,0,1,7,1,2020-12-08,0.002,2_4_24,312,True,"['#1b9e77', '#d95f02', '#7570b3']","['Green', 'Orange', 'Purple']",28.1
161,745,2PartPilot3Part1,1.0,1.0,1.0,1.0,2.0,1.0,1.0,1.0,1.0,1,28,0,0,male,0.0,1.0,0.0,chrome,macos,UNKNOWN,7,0,irlexp7_2_part1,2020-12-08,2020-12-08,2020-12-08,0.0,3,debug,2.15,3.15,aoudad,0,1,7,1,2020-12-08,0.002,2_4_24,312,True,"['#1b9e77', '#d95f02', '#7570b3']","['Green', 'Orange', 'Purple']",28.0
162,746,2PartPilot3Part1,1.0,1.0,1.0,1.0,1.0,1.0,1.0,1.0,1.0,1,30,0,0,female,1.0,0.0,0.0,chrome,macos,UNKNOWN,7,0,irlexp7_2_part1,2020-12-08,2020-12-08,2020-12-08,0.0,3,debug,2.61,3.61,aoudad,0,1,7,1,2020-12-07,0.002,2_4_24,312,True,"['#1b9e77', '#d95f02', '#7570b3']","['Green', 'Orange', 'Purple']",16.016666666666666
164,748,2PartPilot3Part1,1.0,1.0,1.0,1.0,-1.0,1.0,1.0,1.0,1.0,1,32,0,0,male,0.0,1.0,0.0,edge,windows,UNKNOWN,7,0,irlexp7_2_part1,2020-12-07,2020-12-07,2020-12-07,0.0,3,debug,2.19,3.19,aoudad,0,1,7,1,2020-12-07,0.002,2_4_24,312,False,"['#1b9e77', '#d95f02', '#7570b3']","['Green', 'Orange', 'Purple']",28.633333333333333
165,749,2PartPilot3Part1,1.0,1.0,1.0,1.0,2.0,1.0,1.0,1.0,1.0,1,22,0,0,female,1.0,0.0,0.0,chrome,macos,UNKNOWN,7,0,irlexp7_2_part1,2020-12-07,2020-12-07,2020-12-07,0.0,3,debug,2.74,3.74,aoudad,0,1,7,1,2020-12-07,0.002,2_4_24,312,True,"['#1b9e77', '#d95f02', '#7570b3']","['Green', 'Orange', 'Purple']",26.783333333333335
166,750,2PartPilot3Part1,1.0,1.0,1.0,1.0,2.0,1.0,1.0,1.0,1.0,1,37,0,0,male,0.0,1.0,0.0,chrome,windows,UNKNOWN,7,0,irlexp7_2_part1,2020-12-07,2020-12-07,2020-12-07,0.0,3,debug,2.63,3.63,aoudad,0,1,7,1,2020-12-07,0.002,2_4_24,312,False,"['#1b9e77', '#d95f02', '#7570b3']","['Green', 'Orange', 'Purple']",16.666666666666668
167,751,2PartPilot3Part1,1.0,1.0,1.0,1.0,2.0,1.0,1.0,1.0,1.0,1,39,0,0,male,0.0,1.0,0.0,chrome,windows,UNKNOWN,8,0,irlexp7_2_part1,2020-12-15,2020-12-15,2020-12-15,0.0,3,debug,2.75,3.75,weasel,0,1,7,1,2020-12-15,0.002,2_4_24,312,True,"['#1b9e77', '#d95f02', '#7570b3']","['Green', 'Orange', 'Purple']",18.033333333333335
168,752,2PartPilot3Part1,1.0,1.0,1.0,1.0,1.0,1.0,1.0,1.0,1.0,1,38,0,0,female,1.0,0.0,0.0,chrome,windows,UNKNOWN,8,0,irlexp7_2_part1,2020-12-14,2020-12-14,2020-12-14,0.0,3,debug,0.0,1.0,weasel,0,1,7,1,2020-12-14,0.002,2_4_24,312,True,"['#1b9e77', '#d95f02', '#7570b3']","['Green', 'Orange', 'Purple']",30.383333333333333
169,753,2PartPilot3Part1,1.0,1.0,1.0,1.0,2.0,1.0,1.0,1.0,1.0,1,49,0,0,female,1.0,0.0,0.0,chrome,windows,UNKNOWN,8,0,irlexp7_2_part1,2020-12-13,2020-12-13,2020-12-13,0.0,3,debug,2.49,3.49,weasel,0,1,7,1,2020-12-13,0.002,2_4_24,312,False,"['#1b9e77', '#d95f02', '#7570b3']","['Green', 'Orange', 'Purple']",27.166666666666668
170,754,2PartPilot3Part1,1.0,1.0,1.0,1.0,1.0,1.0,1.0,1.0,1.0,1,30,0,1,male,0.0,1.0,0.0,chrome,windows,UNKNOWN,8,0,irlexp7_2_part1,2020-12-13,2020-12-13,2020-12-13,0.0,3,debug,2.39,3.39,weasel,0,1,7,1,2020-12-12,0.002,2_4_24,312,True,"['#1b9e77', '#d95f02', '#7570b3']","['Green', 'Orange', 'Purple']",20.383333333333333
171,755,2PartPilot3Part1,1.0,1.0,1.0,1.0,2.0,1.0,1.0,1.0,1.0,1,41,0,0,male,0.0,1.0,0.0,chrome,chromeos,UNKNOWN,8,0,irlexp7_2_part1,2020-12-12,2020-12-12,2020-12-12,0.0,3,debug,2.7,3.7,weasel,0,1,7,1,2020-12-12,0.002,2_4_24,312,False,"['#1b9e77', '#d95f02', '#7570b3']","['Green', 'Orange', 'Purple']",28.233333333333334
172,756,2PartPilot3Part1,1.0,0.0,1.0,1.0,1.0,1.0,1.0,1.0,1.0,1,20,0,0,female,1.0,0.0,0.0,chrome,chromeos,UNKNOWN,8,0,irlexp7_2_part1,2020-12-12,2020-12-12,2020-12-12,0.0,3,debug,0.44,1.44,weasel,0,1,7,1,2020-12-11,0.002,2_4_24,312,True,"['#1b9e77', '#d95f02', '#7570b3']","['Green', 'Orange', 'Purple']",14.966666666666667
173,757,2PartPilot3Part1,1.0,1.0,1.0,1.0,2.0,1.0,1.0,1.0,1.0,1,28,0,0,male,0.0,1.0,0.0,chrome,windows,UNKNOWN,8,0,irlexp7_2_part1,2020-12-11,2020-12-11,2020-12-11,0.0,3,debug,2.62,3.62,weasel,0,1,7,1,2020-12-10,0.002,2_4_24,312,True,"['#1b9e77', '#d95f02', '#7570b3']","['Green', 'Orange', 'Purple']",38.8
174,758,2PartPilot3Part1,1.0,1.0,1.0,1.0,2.0,1.0,1.0,1.0,1.0,1,30,0,0,female,1.0,0.0,0.0,chrome,macos,UNKNOWN,8,0,irlexp7_2_part1,2020-12-10,2020-12-10,2020-12-10,0.0,3,debug,0.48,1.48,weasel,0,1,7,1,2020-12-10,0.002,2_4_24,312,True,"['#1b9e77', '#d95f02', '#7570b3']","['Green', 'Orange', 'Purple']",23.683333333333334
175,759,2PartPilot3Part1,1.0,1.0,1.0,1.0,1.0,1.0,1.0,1.0,1.0,1,38,0,0,male,0.0,1.0,0.0,chrome,windows,UNKNOWN,8,0,irlexp7_2_part1,2020-12-10,2020-12-10,2020-12-10,0.0,3,debug,0.56,1.56,weasel,0,1,7,1,2020-12-10,0.002,2_4_24,312,True,"['#1b9e77', '#d95f02', '#7570b3']","['Green', 'Orange', 'Purple']",23.45
176,760,2PartPilot3Part1,0.0,0.0,1.0,1.0,2.0,1.0,1.0,1.0,1.0,1,25,0,0,male,0.0,1.0,0.0,chrome,windows,UNKNOWN,8,0,irlexp7_2_part1,2020-12-10,2020-12-10,2020-12-10,0.0,3,debug,2.45,3.45,weasel,0,1,7,1,2020-12-09,0.002,2_4_24,312,False,"['#1b9e77', '#d95f02', '#7570b3']","['Green', 'Orange', 'Purple']",16.566666666666666
177,761,2PartPilot3Part1,1.0,1.0,1.0,1.0,2.0,1.0,1.0,1.0,1.0,1,64,0,0,male,0.0,1.0,0.0,chrome,windows,UNKNOWN,8,0,irlexp7_2_part1,2020-12-09,2020-12-09,2020-12-09,0.0,3,debug,2.41,3.41,weasel,0,1,7,1,2020-12-09,0.002,2_4_24,312,False,"['#1b9e77', '#d95f02', '#7570b3']","['Green', 'Orange', 'Purple']",29.766666666666666
178,762,2PartPilot3Part1,1.0,1.0,1.0,1.0,2.0,1.0,1.0,1.0,1.0,1,35,0,0,female,1.0,0.0,0.0,chrome,windows,UNKNOWN,8,0,irlexp7_2_part1,2020-12-09,2020-12-09,2020-12-09,0.0,3,debug,2.44,3.44,weasel,0,1,7,1,2020-12-09,0.002,2_4_24,312,True,"['#1b9e77', '#d95f02', '#7570b3']","['Green', 'Orange', 'Purple']",25.15
179,763,2PartPilot3Part1,1.0,1.0,1.0,1.0,1.0,1.0,1.0,1.0,1.0,1,26,0,0,male,0.0,1.0,0.0,chrome,windows,UNKNOWN,8,0,irlexp7_2_part1,2020-12-09,2020-12-09,2020-12-09,0.0,3,debug,2.36,3.36,weasel,0,1,7,1,2020-12-08,0.002,2_4_24,312,True,"['#1b9e77', '#d95f02', '#7570b3']","['Green', 'Orange', 'Purple']",18.966666666666665
180,764,2PartPilot3Part1,1.0,1.0,1.0,1.0,2.0,1.0,1.0,1.0,1.0,1,25,0,0,female,1.0,0.0,0.0,chrome,windows,UNKNOWN,8,0,irlexp7_2_part1,2020-12-08,2020-12-08,2020-12-08,0.0,3,debug,2.63,3.63,weasel,0,1,7,1,2020-12-08,0.002,2_4_24,312,False,"['#1b9e77', '#d95f02', '#7570b3']","['Green', 'Orange', 'Purple']",25.2
181,765,2PartPilot3Part1,1.0,1.0,1.0,1.0,2.0,1.0,1.0,1.0,1.0,1,28,0,0,male,0.0,1.0,0.0,chrome,windows,UNKNOWN,8,0,irlexp7_2_part1,2020-12-08,2020-12-08,2020-12-08,0.0,3,debug,2.41,3.41,weasel,0,1,7,1,2020-12-07,0.002,2_4_24,312,True,"['#1b9e77', '#d95f02', '#7570b3']","['Green', 'Orange', 'Purple']",27.816666666666666
182,766,2PartPilot3Part1,1.0,1.0,1.0,1.0,2.0,1.0,1.0,1.0,1.0,1,61,0,0,female,1.0,0.0,0.0,chrome,windows,UNKNOWN,8,0,irlexp7_2_part1,2020-12-08,2020-12-08,2020-12-08,0.0,3,debug,2.15,3.15,weasel,0,1,7,1,2020-12-07,0.002,2_4_24,312,True,"['#1b9e77', '#d95f02', '#7570b3']","['Green', 'Orange', 'Purple']",13.983333333333333
183,767,2PartPilot3Part1,1.0,1.0,1.0,1.0,2.0,1.0,1.0,1.0,1.0,1,22,0,0,female,1.0,0.0,0.0,chrome,macos,UNKNOWN,8,0,irlexp7_2_part1,2020-12-08,2020-12-08,2020-12-08,0.0,3,debug,1.05,2.05,weasel,0,1,7,1,2020-12-07,0.002,2_4_24,312,False,"['#1b9e77', '#d95f02', '#7570b3']","['Green', 'Orange', 'Purple']",24.416666666666668
184,768,2PartPilot3Part1,0.0,0.0,1.0,1.0,0.0,1.0,1.0,1.0,1.0,1,28,0,0,female,1.0,0.0,0.0,chrome,windows,UNKNOWN,8,0,irlexp7_2_part1,2020-12-07,2020-12-07,2020-12-07,0.0,3,debug,0.0,1.0,weasel,0,1,7,1,2020-12-07,0.002,2_4_24,312,True,"['#1b9e77', '#d95f02', '#7570b3']","['Green', 'Orange', 'Purple']",22.55
185,769,2PartPilot3Part1,1.0,1.0,1.0,1.0,1.0,1.0,1.0,1.0,1.0,1,32,0,0,female,1.0,0.0,0.0,chrome,windows,UNKNOWN,8,0,irlexp7_2_part1,2020-12-07,2020-12-07,2020-12-07,0.0,3,debug,1.04,2.04,weasel,0,1,7,1,2020-12-07,0.002,2_4_24,312,True,"['#1b9e77', '#d95f02', '#7570b3']","['Green', 'Orange', 'Purple']",20.016666666666666
186,770,2PartPilot3Part1,1.0,0.0,1.0,1.0,2.0,1.0,1.0,1.0,1.0,1,54,0,0,female,1.0,0.0,0.0,chrome,windows,UNKNOWN,8,0,irlexp7_2_part1,2020-12-07,2020-12-07,2020-12-07,0.0,3,debug,0.52,1.52,weasel,0,1,7,1,2020-12-07,0.002,2_4_24,312,False,"['#1b9e77', '#d95f02', '#7570b3']","['Green', 'Orange', 'Purple']",23.966666666666665
187,771,2PartPilot3Part1,1.0,1.0,1.0,1.0,2.0,1.0,1.0,1.0,1.0,1,30,0,0,female,1.0,0.0,0.0,chrome,windows,UNKNOWN,9,0,irlexp7_2_part1,2020-12-15,2020-12-15,2020-12-15,0.0,3,debug,2.55,3.55,rooster,0,1,7,1,2020-12-15,0.002,2_4_24,312,False,"['#1b9e77', '#d95f02', '#7570b3']","['Green', 'Orange', 'Purple']",29.316666666666666
188,772,2PartPilot3Part1,1.0,1.0,1.0,1.0,2.0,1.0,1.0,1.0,1.0,1,34,0,0,male,0.0,1.0,0.0,chrome,windows,UNKNOWN,9,0,irlexp7_2_part1,2020-12-14,2020-12-14,2020-12-14,0.0,3,debug,2.41,3.41,rooster,0,1,7,1,2020-12-14,0.002,2_4_24,312,False,"['#1b9e77', '#d95f02', '#7570b3']","['Green', 'Orange', 'Purple']",15.05
189,773,2PartPilot3Part1,0.0,0.0,1.0,1.0,2.0,1.0,1.0,1.0,1.0,1,62,0,0,female,1.0,0.0,0.0,chrome,windows,UNKNOWN,9,0,irlexp7_2_part1,2020-12-14,2020-12-14,2020-12-14,0.0,3,debug,0.26,1.26,rooster,0,1,7,1,2020-12-13,0.002,2_4_24,312,False,"['#1b9e77', '#d95f02', '#7570b3']","['Green', 'Orange', 'Purple']",4.383333333333334
190,774,2PartPilot3Part1,0.0,0.0,0.0,0.0,2.0,1.0,1.0,1.0,1.0,1,32,0,0,male,0.0,1.0,0.0,chrome,windows,UNKNOWN,9,0,irlexp7_2_part1,2020-12-12,2020-12-12,2020-12-12,0.0,3,debug,0.14,1.14,rooster,0,1,7,1,2020-12-12,0.002,2_4_24,312,False,"['#1b9e77', '#d95f02', '#7570b3']","['Green', 'Orange', 'Purple']",34.93333333333333
191,775,2PartPilot3Part1,1.0,1.0,1.0,1.0,2.0,1.0,1.0,1.0,1.0,1,30,0,0,male,0.0,1.0,0.0,chrome,windows,UNKNOWN,9,0,irlexp7_2_part1,2020-12-12,2020-12-12,2020-12-12,0.0,3,debug,2.23,3.23,rooster,0,1,7,1,2020-12-12,0.002,2_4_24,312,True,"['#1b9e77', '#d95f02', '#7570b3']","['Green', 'Orange', 'Purple']",16.3
192,776,2PartPilot3Part1,1.0,1.0,1.0,1.0,-2.0,1.0,1.0,1.0,1.0,1,28,0,0,male,0.0,1.0,0.0,chrome,windows,UNKNOWN,9,0,irlexp7_2_part1,2020-12-11,2020-12-11,2020-12-11,0.0,3,debug,,,rooster,0,1,7,1,2020-12-11,0.002,2_4_24,312,False,"['#1b9e77', '#d95f02', '#7570b3']","['Green', 'Orange', 'Purple']",19.8
193,777,2PartPilot3Part1,1.0,1.0,1.0,1.0,2.0,1.0,1.0,1.0,1.0,1,34,0,0,female,1.0,0.0,0.0,chrome,windows,UNKNOWN,9,0,irlexp7_2_part1,2020-12-11,2020-12-11,2020-12-11,0.0,3,debug,1.06,2.06,rooster,0,1,7,1,2020-12-11,0.002,2_4_24,312,False,"['#1b9e77', '#d95f02', '#7570b3']","['Green', 'Orange', 'Purple']",25.416666666666668
194,778,2PartPilot3Part1,1.0,1.0,1.0,1.0,2.0,1.0,1.0,1.0,1.0,1,48,0,0,female,1.0,0.0,0.0,chrome,windows,UNKNOWN,9,0,irlexp7_2_part1,2020-12-10,2020-12-10,2020-12-10,0.0,3,debug,0.0,1.0,rooster,0,1,7,1,2020-12-10,0.002,2_4_24,312,False,"['#1b9e77', '#d95f02', '#7570b3']","['Green', 'Orange', 'Purple']",22.65
195,779,2PartPilot3Part1,0.0,1.0,1.0,1.0,2.0,1.0,1.0,1.0,1.0,1,37,0,0,female,1.0,0.0,0.0,chrome,windows,UNKNOWN,9,0,irlexp7_2_part1,2020-12-10,2020-12-10,2020-12-10,0.0,3,debug,2.51,3.51,rooster,0,1,7,1,2020-12-10,0.002,2_4_24,312,False,"['#1b9e77', '#d95f02', '#7570b3']","['Green', 'Orange', 'Purple']",23.916666666666668
197,781,2PartPilot3Part1,1.0,1.0,1.0,1.0,1.0,1.0,1.0,1.0,1.0,1,24,0,1,male,0.0,1.0,0.0,chrome,chromeos,UNKNOWN,9,0,irlexp7_2_part1,2020-12-09,2020-12-09,2020-12-09,0.0,3,debug,2.55,3.55,rooster,0,1,7,1,2020-12-09,0.002,2_4_24,312,False,"['#1b9e77', '#d95f02', '#7570b3']","['Green', 'Orange', 'Purple']",37.516666666666666
198,782,2PartPilot3Part1,1.0,1.0,1.0,1.0,2.0,1.0,1.0,1.0,1.0,1,22,0,0,male,0.0,1.0,0.0,chrome,windows,UNKNOWN,9,0,irlexp7_2_part1,2020-12-09,2020-12-09,2020-12-09,0.0,3,debug,2.53,3.53,rooster,0,1,7,1,2020-12-08,0.002,2_4_24,312,True,"['#1b9e77', '#d95f02', '#7570b3']","['Green', 'Orange', 'Purple']",21.983333333333334
199,783,2PartPilot3Part1,1.0,1.0,1.0,1.0,2.0,1.0,1.0,1.0,1.0,1,34,0,0,male,0.0,1.0,0.0,chrome,macos,UNKNOWN,9,0,irlexp7_2_part1,2020-12-09,2020-12-09,2020-12-09,0.0,3,debug,2.57,3.57,rooster,0,1,7,1,2020-12-08,0.002,2_4_24,312,False,"['#1b9e77', '#d95f02', '#7570b3']","['Green', 'Orange', 'Purple']",20.966666666666665
200,784,2PartPilot3Part1,1.0,1.0,1.0,1.0,2.0,1.0,1.0,1.0,1.0,1,29,0,0,female,1.0,0.0,0.0,chrome,macos,UNKNOWN,9,0,irlexp7_2_part1,2020-12-08,2020-12-08,2020-12-08,0.0,3,debug,2.28,3.28,rooster,0,1,7,1,2020-12-08,0.002,2_4_24,312,True,"['#1b9e77', '#d95f02', '#7570b3']","['Green', 'Orange', 'Purple']",19.816666666666666
201,785,2PartPilot3Part1,1.0,1.0,1.0,1.0,2.0,1.0,1.0,1.0,1.0,1,33,0,0,female,1.0,0.0,0.0,chrome,windows,UNKNOWN,9,0,irlexp7_2_part1,2020-12-08,2020-12-08,2020-12-08,0.0,3,debug,2.6,3.6,rooster,0,1,7,1,2020-12-07,0.002,2_4_24,312,True,"['#1b9e77', '#d95f02', '#7570b3']","['Green', 'Orange', 'Purple']",22.166666666666668
202,786,2PartPilot3Part1,1.0,1.0,1.0,1.0,2.0,1.0,1.0,1.0,1.0,1,32,1,0,female,1.0,0.0,0.0,chrome,windows,UNKNOWN,9,0,irlexp7_2_part1,2020-12-08,2020-12-08,2020-12-08,0.0,3,debug,2.73,3.73,rooster,0,1,7,1,2020-12-07,0.002,2_4_24,312,True,"['#1b9e77', '#d95f02', '#7570b3']","['Green', 'Orange', 'Purple']",34.233333333333334
203,787,2PartPilot3Part1,1.0,1.0,1.0,1.0,-2.0,1.0,1.0,1.0,1.0,1,40,0,0,female,1.0,0.0,0.0,chrome,windows,UNKNOWN,9,0,irlexp7_2_part1,2020-12-07,2020-12-07,2020-12-07,0.0,3,debug,0.97,1.97,rooster,0,1,7,1,2020-12-07,0.002,2_4_24,312,True,"['#1b9e77', '#d95f02', '#7570b3']","['Green', 'Orange', 'Purple']",27.066666666666666
204,788,2PartPilot3Part1,1.0,1.0,1.0,1.0,1.0,1.0,1.0,1.0,1.0,1,43,0,0,male,0.0,1.0,0.0,chrome,macos,UNKNOWN,9,0,irlexp7_2_part1,2020-12-07,2020-12-07,2020-12-07,0.0,3,debug,1.83,2.83,rooster,0,1,7,1,2020-12-07,0.002,2_4_24,312,False,"['#1b9e77', '#d95f02', '#7570b3']","['Green', 'Orange', 'Purple']",17.816666666666666
205,789,2PartPilot3Part1,1.0,1.0,1.0,1.0,1.0,1.0,1.0,1.0,1.0,1,31,0,0,female,1.0,0.0,0.0,chrome,macos,UNKNOWN,9,0,irlexp7_2_part1,2020-12-07,2020-12-07,2020-12-07,0.0,3,debug,0.54,1.54,rooster,0,1,7,1,2020-12-07,0.002,2_4_24,312,False,"['#1b9e77', '#d95f02', '#7570b3']","['Green', 'Orange', 'Purple']",18.283333333333335
206,790,2PartPilot3Part1,0.0,0.0,1.0,1.0,2.0,1.0,1.0,1.0,1.0,1,42,0,0,male,0.0,1.0,0.0,chrome,macos,UNKNOWN,9,0,irlexp7_2_part1,2020-12-07,2020-12-07,2020-12-07,0.0,3,debug,0.06,1.06,rooster,0,1,7,1,2020-12-07,0.002,2_4_24,312,True,"['#1b9e77', '#d95f02', '#7570b3']","['Green', 'Orange', 'Purple']",18.016666666666666
218,803,2PartPilot3Part1,1.0,1.0,1.0,1.0,2.0,1.0,1.0,1.0,1.0,1,32,0,0,female,1.0,0.0,0.0,chrome,windows,UNKNOWN,6,0,irlexp7_2_part1,2020-12-09,2020-12-09,,0.0,2,debug,,,dromedary,0,1,7,1,2020-12-08,0.002,2_4_24,312,False,"['#1b9e77', '#d95f02', '#7570b3']","['Green', 'Orange', 'Purple']",
220,805,2PartPilot3Part1,1.0,1.0,1.0,1.0,-2.0,1.0,1.0,1.0,1.0,1,29,0,0,female,1.0,0.0,0.0,chrome,windows,UNKNOWN,7,0,irlexp7_2_part1,2020-12-13,2020-12-13,,0.0,2,debug,,,aoudad,0,1,7,1,2020-12-12,0.002,2_4_24,312,True,"['#1b9e77', '#d95f02', '#7570b3']","['Green', 'Orange', 'Purple']",
230,815,2PartPilot3Part1,1.0,1.0,1.0,1.0,-2.0,1.0,1.0,1.0,1.0,1,24,1,0,male,0.0,1.0,0.0,chrome,windows,UNKNOWN,9,0,irlexp7_2_part1,2020-12-13,2020-12-13,,0.0,2,debug,,,rooster,0,1,7,1,2020-12-13,0.002,2_4_24,312,True,"['#1b9e77', '#d95f02', '#7570b3']","['Green', 'Orange', 'Purple']",
231,817,2PartPilot3Part1,1.0,1.0,1.0,1.0,2.0,1.0,1.0,1.0,1.0,1,26,0,0,female,1.0,0.0,0.0,chrome,windows,UNKNOWN,9,0,irlexp7_2_part1,2020-12-11,2020-12-11,,0.0,2,debug,,,rooster,0,1,7,1,2020-12-11,0.002,2_4_24,312,True,"['#1b9e77', '#d95f02', '#7570b3']","['Green', 'Orange', 'Purple']",
237,917,2PartPilot2Part1,1.0,1.0,1.0,1.0,2.0,1.0,1.0,1.0,1.0,1,28,0,0,male,0.0,1.0,0.0,chrome,windows,UNKNOWN,2,0,irlexp7_2_part1,2020-11-27,2020-11-28,2020-11-28,0.0,3,debug,2.33,3.33,chinchilla,0,1,7,1,2020-11-27,0.002,2_4_24,312,False,"['#1b9e77', '#d95f02', '#7570b3']","['Green', 'Orange', 'Purple']",22.716666666666665
238,918,2PartPilot2Part1,1.0,0.0,1.0,1.0,2.0,1.0,1.0,1.0,1.0,1,26,0,0,male,0.0,1.0,0.0,chrome,windows,UNKNOWN,3,0,irlexp7_2_part1,2020-11-28,2020-11-28,2020-11-28,0.0,3,debug,1.46,2.46,porcupine,0,1,7,1,2020-11-27,0.002,2_4_24,312,False,"['#1b9e77', '#d95f02', '#7570b3']","['Green', 'Orange', 'Purple']",41.4
239,919,2PartPilot2Part1,1.0,1.0,1.0,1.0,2.0,1.0,1.0,1.0,1.0,1,57,0,0,male,0.0,1.0,0.0,chrome,windows,UNKNOWN,4,0,irlexp7_2_part1,2020-11-27,2020-11-27,2020-11-27,0.0,3,debug,2.29,3.29,guanaco,0,1,7,1,2020-11-27,0.002,2_4_24,312,True,"['#1b9e77', '#d95f02', '#7570b3']","['Green', 'Orange', 'Purple']",31.816666666666666
240,920,2PartPilot2Part1,1.0,1.0,1.0,1.0,1.0,1.0,1.0,1.0,1.0,1,30,0,0,female,1.0,0.0,0.0,chrome,windows,UNKNOWN,4,0,irlexp7_2_part1,2020-11-28,2020-11-28,2020-11-28,0.0,3,debug,1.97,2.97,guanaco,0,1,7,1,2020-11-28,0.002,2_4_24,312,False,"['#1b9e77', '#d95f02', '#7570b3']","['Green', 'Orange', 'Purple']",21.333333333333332
241,921,2PartPilot2Part1,1.0,1.0,1.0,1.0,2.0,1.0,1.0,1.0,1.0,1,31,0,0,female,1.0,0.0,0.0,chrome,windows,UNKNOWN,3,0,irlexp7_1_part1,2020-11-27,2020-11-27,2020-11-27,0.0,3,debug,2.48,3.48,porcupine,0,1,7,1,2020-11-27,0.002,2_4_24,312,False,"['#1b9e77', '#d95f02', '#7570b3']","['Green', 'Orange', 'Purple']",29.8
242,984,2PartPilot2Part1,1.0,1.0,1.0,1.0,2.0,1.0,1.0,1.0,1.0,1,44,0,0,male,0.0,1.0,0.0,chrome,windows,UNKNOWN,0,0,irlexp7_2_part1,2020-11-28,2020-11-28,2020-11-28,0.0,3,debug,2.38,3.38,hedgehog,0,1,7,1,2020-11-27,0.002,2_4_24,312,True,"['#1b9e77', '#d95f02', '#7570b3']","['Green', 'Orange', 'Purple']",41.333333333333336
243,985,2PartPilot2Part1,1.0,1.0,1.0,1.0,2.0,1.0,1.0,1.0,1.0,1,43,0,0,male,0.0,1.0,0.0,chrome,windows,UNKNOWN,0,0,irlexp7_2_part1,2020-11-28,2020-11-28,2020-11-28,0.0,3,debug,0.15,1.15,hedgehog,0,1,7,1,2020-11-27,0.002,2_4_24,312,True,"['#1b9e77', '#d95f02', '#7570b3']","['Green', 'Orange', 'Purple']",23.883333333333333
244,986,2PartPilot2Part1,1.0,0.0,1.0,1.0,2.0,1.0,1.0,1.0,1.0,1,50,0,0,male,0.0,1.0,0.0,chrome,windows,UNKNOWN,0,0,irlexp7_2_part1,2020-11-27,2020-11-27,2020-11-27,0.0,3,debug,2.38,3.38,hedgehog,0,1,7,1,2020-11-27,0.002,2_4_24,312,True,"['#1b9e77', '#d95f02', '#7570b3']","['Green', 'Orange', 'Purple']",18.95
245,987,2PartPilot2Part1,1.0,1.0,1.0,1.0,2.0,1.0,1.0,1.0,1.0,1,32,0,0,male,0.0,1.0,0.0,firefox,windows,UNKNOWN,0,0,irlexp7_1_part1,2020-11-27,2020-11-27,2020-11-27,0.0,3,debug,2.3,3.3,hedgehog,0,1,7,1,2020-11-27,0.002,2_4_24,312,True,"['#1b9e77', '#d95f02', '#7570b3']","['Green', 'Orange', 'Purple']",25.55
246,988,2PartPilot2Part1,1.0,1.0,1.0,1.0,2.0,1.0,1.0,1.0,1.0,1,35,0,0,male,0.0,1.0,0.0,chrome,macos,UNKNOWN,0,0,irlexp7_1_part1,2020-11-27,2020-11-27,2020-11-27,0.0,3,debug,2.45,3.45,hedgehog,0,1,7,1,2020-11-27,0.002,2_4_24,312,True,"['#1b9e77', '#d95f02', '#7570b3']","['Green', 'Orange', 'Purple']",23.3
247,989,2PartPilot2Part1,1.0,1.0,1.0,1.0,2.0,1.0,1.0,1.0,1.0,1,38,0,0,female,1.0,0.0,0.0,chrome,windows,UNKNOWN,1,0,irlexp7_2_part1,2020-11-28,2020-11-28,2020-11-28,0.0,3,debug,2.14,3.14,bighorn,0,1,7,1,2020-11-28,0.002,2_4_24,312,True,"['#1b9e77', '#d95f02', '#7570b3']","['Green', 'Orange', 'Purple']",24.783333333333335
248,990,2PartPilot2Part1,1.0,1.0,1.0,1.0,1.0,1.0,1.0,1.0,1.0,1,21,0,1,female,1.0,0.0,0.0,chrome,macos,UNKNOWN,1,0,irlexp7_2_part1,2020-11-28,2020-11-28,2020-11-28,0.0,3,debug,1.02,2.02,bighorn,0,1,7,1,2020-11-27,0.002,2_4_24,312,False,"['#1b9e77', '#d95f02', '#7570b3']","['Green', 'Orange', 'Purple']",19.5
249,991,2PartPilot2Part1,0.0,1.0,0.0,1.0,2.0,1.0,1.0,1.0,1.0,1,32,0,0,male,0.0,1.0,0.0,chrome,windows,UNKNOWN,1,0,irlexp7_2_part1,2020-11-27,2020-11-27,2020-11-27,0.0,3,debug,2.44,3.44,bighorn,0,1,7,1,2020-11-27,0.002,2_4_24,312,True,"['#1b9e77', '#d95f02', '#7570b3']","['Green', 'Orange', 'Purple']",23.716666666666665
250,992,2PartPilot2Part1,1.0,1.0,1.0,1.0,-1.0,1.0,1.0,1.0,1.0,1,32,0,0,female,1.0,0.0,0.0,chrome,windows,UNKNOWN,2,0,irlexp7_2_part1,2020-11-28,2020-11-28,2020-11-28,0.0,3,debug,2.26,3.26,chinchilla,0,1,7,1,2020-11-28,0.002,2_4_24,312,False,"['#1b9e77', '#d95f02', '#7570b3']","['Green', 'Orange', 'Purple']",32.46666666666667
251,993,2PartPilot2Part1,1.0,1.0,1.0,1.0,2.0,1.0,1.0,1.0,1.0,1,24,0,0,female,1.0,0.0,0.0,chrome,windows,UNKNOWN,2,0,irlexp7_2_part1,2020-11-28,2020-11-28,2020-11-28,0.0,3,debug,2.31,3.31,chinchilla,0,1,7,1,2020-11-27,0.002,2_4_24,312,True,"['#1b9e77', '#d95f02', '#7570b3']","['Green', 'Orange', 'Purple']",25.766666666666666
252,994,2PartPilot2Part1,1.0,1.0,1.0,1.0,2.0,1.0,1.0,1.0,1.0,1,46,0,0,male,0.0,1.0,0.0,chrome,windows,UNKNOWN,2,0,irlexp7_2_part1,2020-11-28,2020-11-28,2020-11-28,0.0,3,debug,2.45,3.45,chinchilla,0,1,7,1,2020-11-27,0.002,2_4_24,312,False,"['#1b9e77', '#d95f02', '#7570b3']","['Green', 'Orange', 'Purple']",39.916666666666664
253,995,2PartPilot2Part1,1.0,1.0,1.0,1.0,2.0,1.0,1.0,1.0,1.0,1,48,0,0,female,1.0,0.0,0.0,chrome,windows,UNKNOWN,2,0,irlexp7_1_part1,2020-11-27,2020-11-27,2020-11-27,0.0,3,debug,0.44,1.44,chinchilla,0,1,7,1,2020-11-27,0.002,2_4_24,312,True,"['#1b9e77', '#d95f02', '#7570b3']","['Green', 'Orange', 'Purple']",33.71666666666667
254,996,2PartPilot2Part1,0.0,0.0,1.0,1.0,1.0,1.0,1.0,1.0,1.0,1,34,0,0,female,1.0,0.0,0.0,firefox,macos,UNKNOWN,2,0,irlexp7_1_part1,2020-11-27,2020-11-27,2020-11-27,0.0,3,debug,1.33,2.33,chinchilla,0,1,7,1,2020-11-27,0.002,2_4_24,312,False,"['#1b9e77', '#d95f02', '#7570b3']","['Green', 'Orange', 'Purple']",19.033333333333335
255,997,2PartPilot2Part1,0.0,0.0,1.0,1.0,2.0,1.0,1.0,1.0,1.0,1,68,0,0,male,0.0,1.0,0.0,chrome,chromeos,UNKNOWN,3,0,irlexp7_2_part1,2020-11-28,2020-11-28,2020-11-28,0.0,3,debug,1.88,2.88,porcupine,0,1,7,1,2020-11-28,0.002,2_4_24,312,False,"['#1b9e77', '#d95f02', '#7570b3']","['Green', 'Orange', 'Purple']",22.05
256,998,2PartPilot2Part1,1.0,1.0,1.0,1.0,2.0,1.0,1.0,1.0,1.0,1,33,0,0,male,0.0,1.0,0.0,chrome,windows,UNKNOWN,3,0,irlexp7_2_part1,2020-11-28,2020-11-28,2020-11-28,0.0,3,debug,2.31,3.31,porcupine,0,1,7,1,2020-11-27,0.002,2_4_24,312,False,"['#1b9e77', '#d95f02', '#7570b3']","['Green', 'Orange', 'Purple']",36.28333333333333
257,999,2PartPilot2Part1,1.0,1.0,1.0,1.0,2.0,1.0,1.0,1.0,1.0,1,31,0,0,male,0.0,1.0,0.0,chrome,windows,UNKNOWN,3,0,irlexp7_2_part1,2020-11-27,2020-11-27,2020-11-27,0.0,3,debug,2.36,3.36,porcupine,0,1,7,1,2020-11-27,0.002,2_4_24,312,True,"['#1b9e77', '#d95f02', '#7570b3']","['Green', 'Orange', 'Purple']",18.516666666666666
258,1000,2PartPilot2Part1,0.0,1.0,0.0,1.0,2.0,1.0,1.0,1.0,1.0,1,23,1,0,male,0.0,1.0,0.0,chrome,windows,UNKNOWN,4,0,irlexp7_2_part1,2020-11-28,2020-11-28,2020-11-28,0.0,3,debug,1.27,2.27,guanaco,0,1,7,1,2020-11-28,0.002,2_4_24,312,False,"['#1b9e77', '#d95f02', '#7570b3']","['Green', 'Orange', 'Purple']",19.233333333333334
259,1001,2PartPilot2Part1,0.0,0.0,1.0,1.0,2.0,1.0,1.0,1.0,1.0,1,56,0,0,female,1.0,0.0,0.0,chrome,windows,UNKNOWN,4,0,irlexp7_2_part1,2020-11-28,2020-11-28,2020-11-28,0.0,3,debug,2.16,3.16,guanaco,0,1,7,1,2020-11-27,0.002,2_4_24,312,True,"['#1b9e77', '#d95f02', '#7570b3']","['Green', 'Orange', 'Purple']",45.11666666666667
260,1002,2PartPilot2Part1,1.0,1.0,1.0,1.0,2.0,1.0,1.0,1.0,1.0,1,31,0,0,male,0.0,1.0,0.0,chrome,windows,UNKNOWN,5,0,irlexp7_2_part1,2020-11-28,2020-11-28,2020-11-28,0.0,3,debug,2.58,3.58,walrus,0,1,7,1,2020-11-28,0.002,2_4_24,312,True,"['#1b9e77', '#d95f02', '#7570b3']","['Green', 'Orange', 'Purple']",17.416666666666668
261,1003,2PartPilot2Part1,1.0,1.0,1.0,1.0,2.0,1.0,1.0,1.0,1.0,1,35,0,0,female,1.0,0.0,0.0,chrome,windows,UNKNOWN,5,0,irlexp7_2_part1,2020-11-28,2020-11-28,2020-11-28,0.0,3,debug,1.2,2.2,walrus,0,1,7,1,2020-11-27,0.002,2_4_24,312,False,"['#1b9e77', '#d95f02', '#7570b3']","['Green', 'Orange', 'Purple']",20.783333333333335
262,1004,2PartPilot2Part1,1.0,1.0,1.0,1.0,2.0,1.0,1.0,1.0,1.0,1,27,0,0,male,0.0,1.0,0.0,firefox,windows,UNKNOWN,5,0,irlexp7_2_part1,2020-11-28,2020-11-28,2020-11-28,0.0,3,debug,1.83,2.83,walrus,0,1,7,1,2020-11-27,0.002,2_4_24,312,True,"['#1b9e77', '#d95f02', '#7570b3']","['Green', 'Orange', 'Purple']",22.116666666666667
263,1005,2PartPilot2Part1,1.0,1.0,1.0,1.0,2.0,1.0,1.0,1.0,1.0,1,37,0,0,male,0.0,1.0,0.0,chrome,windows,UNKNOWN,5,0,irlexp7_2_part1,2020-11-27,2020-11-27,2020-11-27,0.0,3,debug,2.03,3.03,walrus,0,1,7,1,2020-11-27,0.002,2_4_24,312,True,"['#1b9e77', '#d95f02', '#7570b3']","['Green', 'Orange', 'Purple']",29.1
264,1006,2PartPilot2Part1,1.0,1.0,1.0,1.0,2.0,1.0,1.0,1.0,1.0,1,22,0,0,male,0.0,1.0,0.0,chrome,windows,UNKNOWN,5,0,irlexp7_1_part1,2020-11-27,2020-11-27,2020-11-27,0.0,3,debug,2.37,3.37,walrus,0,1,7,1,2020-11-27,0.002,2_4_24,312,False,"['#1b9e77', '#d95f02', '#7570b3']","['Green', 'Orange', 'Purple']",30.066666666666666
265,1007,2PartPilot2Part1,0.0,0.0,0.0,1.0,1.0,1.0,1.0,1.0,1.0,1,37,0,1,male,0.0,1.0,0.0,chrome,linux,UNKNOWN,6,0,irlexp7_2_part1,2020-11-28,2020-11-28,2020-11-28,0.0,3,debug,2.51,3.51,dromedary,0,1,7,1,2020-11-28,0.002,2_4_24,312,False,"['#1b9e77', '#d95f02', '#7570b3']","['Green', 'Orange', 'Purple']",16.516666666666666
266,1008,2PartPilot2Part1,1.0,1.0,1.0,1.0,2.0,1.0,1.0,1.0,1.0,1,35,0,0,male,0.0,1.0,0.0,safari,macos,UNKNOWN,6,0,irlexp7_2_part1,2020-11-28,2020-11-28,2020-11-28,0.0,3,debug,1.75,2.75,dromedary,0,1,7,1,2020-11-27,0.002,2_4_24,312,False,"['#1b9e77', '#d95f02', '#7570b3']","['Green', 'Orange', 'Purple']",19.233333333333334
267,1009,2PartPilot2Part1,1.0,1.0,1.0,1.0,2.0,1.0,1.0,1.0,1.0,1,71,0,0,male,0.0,1.0,0.0,chrome,windows,UNKNOWN,6,0,irlexp7_2_part1,2020-11-28,2020-11-28,2020-11-28,0.0,3,debug,1.9,2.9,dromedary,0,1,7,1,2020-11-27,0.002,2_4_24,312,False,"['#1b9e77', '#d95f02', '#7570b3']","['Green', 'Orange', 'Purple']",25.433333333333334
268,1010,2PartPilot2Part1,0.0,1.0,1.0,1.0,1.0,1.0,1.0,1.0,1.0,1,32,0,0,female,1.0,0.0,0.0,chrome,macos,UNKNOWN,6,0,irlexp7_2_part1,2020-11-27,2020-11-27,2020-11-27,0.0,3,debug,2.74,3.74,dromedary,0,1,7,1,2020-11-27,0.002,2_4_24,312,False,"['#1b9e77', '#d95f02', '#7570b3']","['Green', 'Orange', 'Purple']",23.866666666666667
269,1011,2PartPilot2Part1,1.0,0.0,1.0,1.0,1.0,1.0,1.0,1.0,1.0,1,61,0,0,female,1.0,0.0,0.0,chrome,windows,UNKNOWN,6,0,irlexp7_1_part1,2020-11-27,2020-11-27,2020-11-27,0.0,3,debug,2.0,3.0,dromedary,0,1,7,1,2020-11-27,0.002,2_4_24,312,False,"['#1b9e77', '#d95f02', '#7570b3']","['Green', 'Orange', 'Purple']",18.333333333333332
270,1012,2PartPilot2Part1,1.0,1.0,1.0,1.0,2.0,1.0,1.0,1.0,1.0,1,54,0,0,male,0.0,1.0,0.0,chrome,windows,UNKNOWN,7,0,irlexp7_2_part1,2020-11-28,2020-11-28,2020-11-28,0.0,3,debug,2.15,3.15,aoudad,0,1,7,1,2020-11-28,0.002,2_4_24,312,False,"['#1b9e77', '#d95f02', '#7570b3']","['Green', 'Orange', 'Purple']",22.266666666666666
271,1013,2PartPilot2Part1,1.0,1.0,1.0,1.0,2.0,1.0,1.0,1.0,1.0,1,38,0,0,male,0.0,1.0,0.0,chrome,windows,UNKNOWN,7,0,irlexp7_2_part1,2020-11-28,2020-11-28,2020-11-28,0.0,3,debug,2.53,3.53,aoudad,0,1,7,1,2020-11-28,0.002,2_4_24,312,False,"['#1b9e77', '#d95f02', '#7570b3']","['Green', 'Orange', 'Purple']",29.4
272,1014,2PartPilot2Part1,1.0,1.0,1.0,1.0,1.0,1.0,1.0,1.0,1.0,1,30,0,0,male,0.0,1.0,0.0,chrome,windows,UNKNOWN,7,0,irlexp7_2_part1,2020-11-27,2020-11-27,2020-11-27,0.0,3,debug,2.47,3.47,aoudad,0,1,7,1,2020-11-27,0.002,2_4_24,312,True,"['#1b9e77', '#d95f02', '#7570b3']","['Green', 'Orange', 'Purple']",26.066666666666666
273,1015,2PartPilot2Part1,1.0,1.0,1.0,1.0,2.0,1.0,1.0,1.0,1.0,1,28,0,0,male,0.0,1.0,0.0,chrome,windows,UNKNOWN,7,0,irlexp7_2_part1,2020-11-27,2020-11-27,2020-11-27,0.0,3,debug,1.91,2.91,aoudad,0,1,7,1,2020-11-27,0.002,2_4_24,312,False,"['#1b9e77', '#d95f02', '#7570b3']","['Green', 'Orange', 'Purple']",19.0
275,1017,2PartPilot2Part1,1.0,1.0,1.0,1.0,2.0,1.0,1.0,1.0,1.0,1,26,0,0,female,1.0,0.0,0.0,chrome,macos,UNKNOWN,8,0,irlexp7_2_part1,2020-11-29,2020-11-29,2020-11-29,0.0,3,debug,0.62,1.62,weasel,0,1,7,1,2020-11-28,0.002,2_4_24,312,False,"['#1b9e77', '#d95f02', '#7570b3']","['Green', 'Orange', 'Purple']",21.7
276,1018,2PartPilot2Part1,1.0,1.0,1.0,1.0,2.0,1.0,1.0,1.0,1.0,1,38,0,0,male,0.0,1.0,0.0,firefox,macos,UNKNOWN,8,0,irlexp7_2_part1,2020-11-28,2020-11-28,2020-11-28,0.0,3,debug,2.31,3.31,weasel,0,1,7,1,2020-11-28,0.002,2_4_24,312,True,"['#1b9e77', '#d95f02', '#7570b3']","['Green', 'Orange', 'Purple']",18.683333333333334
277,1019,2PartPilot2Part1,1.0,1.0,1.0,1.0,2.0,1.0,1.0,1.0,1.0,1,23,0,0,female,1.0,0.0,0.0,firefox,windows,UNKNOWN,8,0,irlexp7_2_part1,2020-11-27,2020-11-27,2020-11-27,0.0,3,debug,2.09,3.09,weasel,0,1,7,1,2020-11-27,0.002,2_4_24,312,False,"['#1b9e77', '#d95f02', '#7570b3']","['Green', 'Orange', 'Purple']",20.233333333333334
278,1020,2PartPilot2Part1,1.0,1.0,1.0,1.0,2.0,1.0,1.0,1.0,1.0,1,30,0,0,female,1.0,0.0,0.0,chrome,windows,UNKNOWN,8,0,irlexp7_2_part1,2020-11-27,2020-11-27,2020-11-27,0.0,3,debug,2.24,3.24,weasel,0,1,7,1,2020-11-27,0.002,2_4_24,312,True,"['#1b9e77', '#d95f02', '#7570b3']","['Green', 'Orange', 'Purple']",20.2
279,1021,2PartPilot2Part1,1.0,1.0,1.0,1.0,1.0,1.0,1.0,1.0,1.0,1,34,0,0,female,1.0,0.0,0.0,chrome,windows,UNKNOWN,9,0,irlexp7_2_part1,2020-11-28,2020-11-28,2020-11-28,0.0,3,debug,0.4,1.4,rooster,0,1,7,1,2020-11-28,0.002,2_4_24,312,False,"['#1b9e77', '#d95f02', '#7570b3']","['Green', 'Orange', 'Purple']",36.6
280,1022,2PartPilot2Part1,1.0,1.0,1.0,1.0,1.0,1.0,1.0,1.0,1.0,1,26,0,1,female,1.0,0.0,0.0,chrome,windows,UNKNOWN,9,0,irlexp7_2_part1,2020-11-28,2020-11-28,2020-11-28,0.0,3,debug,2.19,3.19,rooster,0,1,7,1,2020-11-27,0.002,2_4_24,312,True,"['#1b9e77', '#d95f02', '#7570b3']","['Green', 'Orange', 'Purple']",26.283333333333335
281,1023,2PartPilot2Part1,0.0,0.0,0.0,1.0,1.0,1.0,1.0,1.0,1.0,1,25,0,0,female,1.0,0.0,0.0,chrome,macos,UNKNOWN,9,0,irlexp7_2_part1,2020-11-28,2020-11-28,2020-11-28,0.0,3,debug,0.17,1.17,rooster,0,1,7,1,2020-11-27,0.002,2_4_24,312,True,"['#1b9e77', '#d95f02', '#7570b3']","['Green', 'Orange', 'Purple']",15.716666666666667
282,1024,2PartPilot2Part1,1.0,1.0,1.0,1.0,1.0,1.0,1.0,1.0,1.0,1,32,0,0,male,0.0,1.0,0.0,chrome,windows,UNKNOWN,9,0,irlexp7_2_part1,2020-11-27,2020-11-27,2020-11-27,0.0,3,debug,1.98,2.98,rooster,0,1,7,1,2020-11-27,0.002,2_4_24,312,True,"['#1b9e77', '#d95f02', '#7570b3']","['Green', 'Orange', 'Purple']",24.933333333333334
284,1026,2PartPilot2Part1,1.0,1.0,1.0,1.0,-2.0,1.0,1.0,1.0,1.0,1,24,0,1,female,1.0,0.0,0.0,chrome,windows,UNKNOWN,4,0,irlexp7_2_part1,2020-11-28,2020-11-28,,0.0,2,debug,,,guanaco,0,1,7,1,2020-11-27,0.002,2_4_24,312,False,"['#1b9e77', '#d95f02', '#7570b3']","['Green', 'Orange', 'Purple']",
